{"stats":{"minecraft:mined":{"minecraft:torch":2,"minecraft:grass_block":6,"biomesoplenty:high_grass_plant":17,"minecraft:tall_grass":4,"minecraft:oak_planks":27,"minecraft:sugar_cane":2,"minecraft:wall_torch":5,"dynamictrees:oak_leaves":4,"minecraft:iron_ore":12,"minecraft:grass":14,"minecraft:coal_ore":39,"biomesoplenty:high_grass":27,"minecraft:gravel":2,"minecraft:dirt":9,"dynamictrees:oak_sapling":1,"minecraft:stone":70},"minecraft:killed_by":{"minecraft:skeleton":2},"minecraft:killed":{"hmag:ghost":1,"minecraft:spider":3,"minecraft:creeper":1,"minecraft:sheep":2,"minecraft:skeleton":1,"minecraft:zombie":14,"minecraft:chicken":2,"aquaculture:perch":2,"alexsmobs:fly":1,"alexsmobs:flying_fish":1,"minecraft:cow":1},"minecraft:crafted":{"minecraft:oak_planks":376,"minecraft:wooden_pickaxe":1,"minecraft:cooked_chicken":2,"minecraft:birch_planks":32,"minecraft:stone_axe":1,"minecraft:stick":8,"minecraft:stone_pickaxe":1,"minecraft:stone_sword":1,"aquaculture:fish_fillet_cooked":6,"minecraft:torch":16},"minecraft:used":{"minecraft:stone_sword":184,"minecraft:stone_pickaxe":105,"minecraft:oak_planks":375,"minecraft:wooden_pickaxe":16,"dynamictrees:oak_seed":5,"minecraft:cooked_chicken":2,"minecraft:torch":16,"minecraft:dirt":151,"minecraft:mutton":3,"alexsmobs:flying_fish":1,"minecraft:bread":12,"dynamictrees:birch_seed":3,"minecraft:gravel":2,"minecraft:stone_axe":56,"minecraft:cobblestone":3,"minecraft:beef":1,"minecraft:potato":19,"minecraft:cooked_beef":1,"aquaculture:fish_fillet_cooked":6,"aquaculture:perch":2},"minecraft:custom":{"minecraft:interact_with_furnace":19,"minecraft:mob_kills":32,"minecraft:interact_with_crafting_table":9,"minecraft:open_barrel":1,"minecraft:bell_ring":1,"minecraft:time_since_death":72928,"minecraft:climb_one_cm":1673,"minecraft:time_since_rest":72953,"minecraft:waystone_activated":2,"minecraft:sprint_one_cm":156033,"minecraft:damage_taken":1411,"minecraft:walk_one_cm":309969,"minecraft:drop":2,"minecraft:damage_dealt":4977,"minecraft:swim_one_cm":19980,"minecraft:fly_one_cm":314775,"minecraft:open_chest":28,"minecraft:crouch_one_cm":36297,"minecraft:play_time":77593,"minecraft:deaths":2,"minecraft:sneak_time":8846,"minecraft:walk_under_water_one_cm":8977,"minecraft:jump":1850,"minecraft:walk_on_water_one_cm":8444,"minecraft:total_world_time":77593,"minecraft:fall_one_cm":48053},"minecraft:dropped":{"alexsmobs:maggot":1,"minecraft:cobblestone":59},"minecraft:picked_up":{"minecraft:birch_log":8,"minecraft:feather":1,"minecraft:cooked_beef":1,"minecraft:chicken":2,"minecraft:oak_log":94,"minecraft:gunpowder":2,"minecraft:dirt":151,"minecraft:string":7,"minecraft:beef":1,"dynamictrees:birch_seed":3,"dynamictrees:oak_seed":7,"minecraft:sugar_cane":4,"minecraft:oak_planks":27,"minecraft:raw_iron":12,"minecraft:stick":196,"hmag:soul_powder":1,"minecraft:torch":8,"minecraft:gravel":2,"aquaculture:perch":2,"minecraft:spider_eye":2,"minecraft:arrow":1,"minecraft:rotten_flesh":10,"minecraft:bone_meal":1,"alexsmobs:maggot":3,"minecraft:coal":39,"minecraft:mutton":3,"minecraft:white_wool":2,"alexsmobs:flying_fish":1,"minecraft:cobblestone":70},"minecraft:broken":{"minecraft:stone_sword":1}},"DataVersion":3465}