{"stats":{"minecraft:crafted":{"minecraft:cooked_beef":4,"minecraft:oak_planks":24,"minecraft:crafting_table":1,"minecraft:wooden_pickaxe":1,"spartanweaponry:handle":4,"minecraft:air":0,"minecraft:stick":20,"minecraft:stone_pickaxe":2,"minecraft:torch":28},"minecraft:picked_up":{"minecraft:leather":6,"minecraft:wooden_pickaxe":2,"minecraft:oak_log":7,"minecraft:shield":2,"minecraft:dirt":55,"minecraft:cooked_salmon":4,"minecraft:bone":9,"minecraft:bow":1,"alexsmobs:cockroach_wing_fragment":3,"minecraft:beef":12,"minecraft:stone_pickaxe":2,"spartanweaponry:iron_flanged_mace":1,"minecraft:oak_planks":14,"minecraft:stone_hoe":1,"minecraft:raw_iron":9,"minecraft:stick":32,"minecraft:torch":27,"minecraft:gravel":9,"minecraft:carrot":8,"alexsmobs:animal_dictionary":3,"alexsmobs:crocodile_scute":6,"minecraft:stone_sword":4,"minecraft:arrow":23,"minecraft:rotten_flesh":1,"minecraft:granite":1,"alexsmobs:maggot":4,"minecraft:coal":37,"minecraft:cobblestone":267},"minecraft:broken":{"minecraft:stone_pickaxe":1},"minecraft:custom":{"minecraft:interact_with_furnace":3,"spartanshields:shield_bash_hits":5,"minecraft:mob_kills":27,"minecraft:interact_with_crafting_table":7,"minecraft:leave_game":2,"minecraft:time_since_death":16021,"minecraft:climb_one_cm":225,"minecraft:time_since_rest":16046,"minecraft:sprint_one_cm":122578,"minecraft:damage_taken":1348,"minecraft:walk_one_cm":185017,"minecraft:damage_blocked_by_shield":385,"minecraft:drop":4,"minecraft:damage_dealt":4063,"minecraft:swim_one_cm":14379,"minecraft:fly_one_cm":200465,"minecraft:open_chest":12,"minecraft:crouch_one_cm":13144,"minecraft:play_time":57513,"minecraft:deaths":4,"minecraft:sneak_time":5294,"minecraft:walk_under_water_one_cm":8797,"minecraft:jump":1237,"minecraft:walk_on_water_one_cm":10979,"minecraft:total_world_time":57513,"minecraft:fall_one_cm":38924},"minecraft:used":{"minecraft:stone_sword":122,"minecraft:stone_pickaxe":162,"minecraft:shield":9,"minecraft:wooden_pickaxe":7,"minecraft:cooked_salmon":3,"minecraft:torch":24,"minecraft:dirt":18,"minecraft:carrot":9,"minecraft:granite":1,"minecraft:oak_log":1,"minecraft:gravel":5,"minecraft:cobblestone":17,"minecraft:beef":2,"alexsmobs:animal_dictionary":1},"minecraft:dropped":{"alexsmobs:maggot":2,"minecraft:dirt":1,"minecraft:stone_pickaxe":1},"minecraft:killed":{"minecraft:skeleton":9,"alexsmobs:crocodile":1,"minecraft:zombie":9,"alexsmobs:cockroach":2,"alexsmobs:leafcutter_ant":1,"alexsmobs:fly":2,"minecraft:cow":3},"minecraft:killed_by":{"minecraft:player":2,"minecraft:skeleton":2},"minecraft:mined":{"farmersdelight:wild_carrots":7,"alexsmobs:leafcutter_anthill":1,"minecraft:torch":2,"minecraft:granite":1,"minecraft:grass_block":6,"minecraft:cobblestone":2,"minecraft:wall_torch":1,"minecraft:iron_ore":6,"minecraft:grass":5,"minecraft:oak_log":7,"minecraft:coal_ore":22,"minecraft:gravel":9,"minecraft:dirt":20,"minecraft:stone":136,"minecraft:oak_leaves":1}},"DataVersion":3465}