{"stats":{"minecraft:mined":{"minecraft:spruce_planks":10,"minecraft:cobblestone_stairs":11,"minecraft:torch":5,"minecraft:honey_block":2,"minecraft:grass_block":49,"biomesoplenty:high_grass_plant":51,"minecraft:cobblestone":17,"minecraft:tall_grass":6,"minecraft:oak_planks":38,"minecraft:sugar_cane":2,"minecraft:hay_block":26,"minecraft:wall_torch":12,"dynamictrees:oak_leaves":4,"minecraft:birch_planks":2,"minecraft:iron_ore":21,"minecraft:jukebox":1,"minecraft:birch_door":1,"minecraft:dark_oak_stairs":1,"minecraft:grass":32,"minecraft:coal_ore":66,"biomesoplenty:high_grass":39,"minecraft:gravel":2,"minecraft:dirt":55,"dynamictrees:oak_sapling":1,"minecraft:stone":234,"minecraft:green_bed":1},"minecraft:killed_by":{"minecraft:skeleton":2},"minecraft:killed":{"hmag:ghost":2,"minecraft:spider":4,"minecraft:creeper":1,"minecraft:phantom":2,"minecraft:sheep":2,"minecraft:skeleton":1,"hmag:zombie_girl":1,"minecraft:zombie":14,"minecraft:chicken":2,"aquaculture:perch":2,"alexsmobs:fly":1,"alexsmobs:flying_fish":1,"minecraft:cow":2},"minecraft:crafted":{"minecraft:oak_planks":496,"minecraft:crafting_table":1,"minecraft:spruce_planks":108,"minecraft:wooden_pickaxe":1,"minecraft:cooked_chicken":2,"minecraft:furnace":1,"minecraft:cobblestone_stairs":8,"minecraft:birch_planks":64,"minecraft:stone_axe":2,"minecraft:bread":78,"minecraft:air":0,"minecraft:stick":8,"minecraft:iron_pickaxe":1,"minecraft:iron_ingot":9,"minecraft:stone_pickaxe":2,"minecraft:stone_sword":2,"minecraft:chest":2,"minecraft:iron_shovel":1,"aquaculture:fish_fillet_cooked":6,"minecraft:birch_door":3,"minecraft:torch":136,"minecraft:wheat":234},"minecraft:used":{"minecraft:stone_sword":258,"minecraft:cobblestone_stairs":17,"minecraft:iron_shovel":64,"minecraft:birch_planks":24,"minecraft:stone_pickaxe":262,"minecraft:oak_planks":534,"minecraft:spruce_planks":116,"minecraft:chest":2,"minecraft:wooden_pickaxe":16,"hmag:honeyed_lemon":2,"minecraft:green_bed":1,"dynamictrees:oak_seed":7,"minecraft:cooked_chicken":2,"minecraft:torch":43,"minecraft:dirt":200,"minecraft:mutton":3,"minecraft:crafting_table":1,"minecraft:birch_door":3,"alexsmobs:flying_fish":1,"minecraft:apple":2,"minecraft:bread":23,"minecraft:iron_pickaxe":73,"dynamictrees:birch_seed":3,"minecraft:gravel":2,"minecraft:stone_axe":103,"minecraft:cobblestone":145,"minecraft:beef":3,"minecraft:furnace":1,"minecraft:pumpkin_pie":1,"minecraft:potato":36,"minecraft:cooked_beef":1,"aquaculture:fish_fillet_cooked":6,"minecraft:jukebox":1,"aquaculture:perch":2},"minecraft:custom":{"minecraft:interact_with_furnace":21,"minecraft:mob_kills":39,"minecraft:interact_with_cartography_table":1,"minecraft:interact_with_crafting_table":26,"minecraft:open_barrel":1,"minecraft:bell_ring":1,"minecraft:leave_game":1,"minecraft:time_since_death":47660,"minecraft:sleep_in_bed":5,"minecraft:climb_one_cm":2929,"minecraft:time_since_rest":9423,"minecraft:waystone_activated":3,"minecraft:sprint_one_cm":329771,"minecraft:damage_taken":2607,"minecraft:walk_one_cm":561067,"minecraft:drop":3,"minecraft:damage_dealt":5929,"minecraft:talked_to_villager":7,"minecraft:swim_one_cm":76984,"minecraft:fly_one_cm":607163,"minecraft:open_chest":74,"minecraft:crouch_one_cm":50917,"minecraft:play_time":154144,"minecraft:deaths":3,"minecraft:sneak_time":13737,"minecraft:walk_under_water_one_cm":34674,"minecraft:jump":3451,"minecraft:walk_on_water_one_cm":19280,"minecraft:total_world_time":154144,"minecraft:fall_one_cm":91431},"minecraft:dropped":{"alexsmobs:maggot":1,"minecraft:cobblestone":59,"minecraft:potato":1},"minecraft:picked_up":{"minecraft:birch_log":16,"minecraft:birch_door":1,"minecraft:feather":1,"minecraft:cooked_beef":1,"minecraft:chicken":2,"minecraft:leather":1,"minecraft:birch_planks":2,"minecraft:oak_log":124,"minecraft:gunpowder":2,"minecraft:cobblestone_stairs":11,"minecraft:dirt":240,"minecraft:string":7,"minecraft:wheat_seeds":4,"minecraft:spruce_planks":10,"minecraft:beef":3,"dynamictrees:birch_seed":3,"dynamictrees:oak_seed":8,"minecraft:sugar_cane":4,"minecraft:oak_planks":38,"minecraft:phantom_membrane":1,"minecraft:dark_oak_stairs":1,"minecraft:raw_iron":21,"minecraft:stick":231,"minecraft:jukebox":1,"hmag:soul_powder":4,"minecraft:dandelion":5,"minecraft:torch":18,"minecraft:green_bed":1,"minecraft:gravel":2,"aquaculture:perch":2,"minecraft:spider_eye":3,"minecraft:arrow":1,"minecraft:rotten_flesh":13,"minecraft:honey_block":2,"minecraft:hay_block":26,"minecraft:bone_meal":1,"alexsmobs:maggot":4,"minecraft:coal":66,"minecraft:mutton":3,"minecraft:white_wool":2,"alexsmobs:flying_fish":1,"minecraft:cobblestone":248},"minecraft:broken":{"minecraft:stone_pickaxe":2,"minecraft:stone_axe":1,"minecraft:stone_sword":1}},"DataVersion":3465}