{"stats":{"minecraft:mined":{"minecraft:spruce_planks":10,"minecraft:torch":4,"minecraft:honey_block":1,"minecraft:grass_block":25,"biomesoplenty:high_grass_plant":17,"minecraft:cobblestone":3,"minecraft:tall_grass":4,"minecraft:oak_planks":34,"minecraft:sugar_cane":2,"minecraft:wall_torch":7,"dynamictrees:oak_leaves":4,"minecraft:iron_ore":21,"minecraft:dark_oak_stairs":1,"minecraft:grass":15,"minecraft:coal_ore":39,"biomesoplenty:high_grass":27,"minecraft:gravel":2,"minecraft:dirt":23,"dynamictrees:oak_sapling":1,"minecraft:stone":116,"minecraft:green_bed":1},"minecraft:killed_by":{"minecraft:skeleton":2},"minecraft:killed":{"hmag:ghost":1,"minecraft:spider":3,"minecraft:creeper":1,"minecraft:phantom":2,"minecraft:sheep":2,"minecraft:skeleton":1,"hmag:zombie_girl":1,"minecraft:zombie":14,"minecraft:chicken":2,"aquaculture:perch":2,"alexsmobs:fly":1,"alexsmobs:flying_fish":1,"minecraft:cow":2},"minecraft:crafted":{"minecraft:oak_planks":496,"minecraft:crafting_table":1,"minecraft:spruce_planks":108,"minecraft:wooden_pickaxe":1,"minecraft:cooked_chicken":2,"minecraft:furnace":1,"minecraft:birch_planks":64,"minecraft:stone_axe":2,"minecraft:air":0,"minecraft:stick":8,"minecraft:iron_ingot":9,"minecraft:stone_pickaxe":2,"minecraft:stone_sword":2,"minecraft:chest":2,"minecraft:iron_shovel":1,"aquaculture:fish_fillet_cooked":6,"minecraft:torch":16},"minecraft:used":{"minecraft:stone_sword":184,"minecraft:iron_shovel":23,"minecraft:stone_pickaxe":163,"minecraft:oak_planks":525,"minecraft:spruce_planks":116,"minecraft:chest":2,"minecraft:wooden_pickaxe":16,"minecraft:green_bed":1,"dynamictrees:oak_seed":7,"minecraft:cooked_chicken":2,"minecraft:torch":27,"minecraft:dirt":160,"minecraft:mutton":3,"minecraft:crafting_table":1,"alexsmobs:flying_fish":1,"minecraft:bread":19,"dynamictrees:birch_seed":3,"minecraft:gravel":2,"minecraft:stone_axe":96,"minecraft:cobblestone":3,"minecraft:beef":3,"minecraft:furnace":1,"minecraft:potato":33,"minecraft:cooked_beef":1,"aquaculture:fish_fillet_cooked":6,"aquaculture:perch":2},"minecraft:custom":{"minecraft:interact_with_furnace":21,"minecraft:mob_kills":36,"minecraft:interact_with_cartography_table":1,"minecraft:interact_with_crafting_table":17,"minecraft:open_barrel":1,"minecraft:bell_ring":1,"minecraft:time_since_death":7109,"minecraft:sleep_in_bed":3,"minecraft:climb_one_cm":2929,"minecraft:time_since_rest":2220,"minecraft:waystone_activated":3,"minecraft:sprint_one_cm":256665,"minecraft:damage_taken":2357,"minecraft:walk_one_cm":440527,"minecraft:drop":3,"minecraft:damage_dealt":5505,"minecraft:talked_to_villager":4,"minecraft:swim_one_cm":43767,"minecraft:fly_one_cm":490427,"minecraft:open_chest":55,"minecraft:crouch_one_cm":41281,"minecraft:play_time":113593,"minecraft:deaths":3,"minecraft:sneak_time":10445,"minecraft:walk_under_water_one_cm":13775,"minecraft:jump":2746,"minecraft:walk_on_water_one_cm":12942,"minecraft:total_world_time":113593,"minecraft:fall_one_cm":76715},"minecraft:dropped":{"alexsmobs:maggot":1,"minecraft:cobblestone":59,"minecraft:potato":1},"minecraft:picked_up":{"minecraft:birch_log":16,"minecraft:feather":1,"minecraft:cooked_beef":1,"minecraft:chicken":2,"minecraft:leather":1,"minecraft:oak_log":124,"minecraft:gunpowder":2,"minecraft:dirt":185,"minecraft:string":7,"minecraft:spruce_planks":10,"minecraft:beef":3,"dynamictrees:birch_seed":3,"dynamictrees:oak_seed":8,"minecraft:sugar_cane":4,"minecraft:oak_planks":34,"minecraft:phantom_membrane":1,"minecraft:dark_oak_stairs":1,"minecraft:raw_iron":21,"minecraft:stick":231,"hmag:soul_powder":1,"minecraft:torch":12,"minecraft:green_bed":1,"minecraft:gravel":2,"aquaculture:perch":2,"minecraft:spider_eye":2,"minecraft:arrow":1,"minecraft:rotten_flesh":12,"minecraft:honey_block":1,"minecraft:bone_meal":1,"alexsmobs:maggot":3,"minecraft:coal":39,"minecraft:mutton":3,"minecraft:white_wool":2,"alexsmobs:flying_fish":1,"minecraft:cobblestone":116},"minecraft:broken":{"minecraft:stone_pickaxe":1,"minecraft:stone_axe":1,"minecraft:stone_sword":1}},"DataVersion":3465}