{"stats":{"minecraft:mined":{"minecraft:furnace":1,"minecraft:iron_ore":49,"minecraft:andesite":36,"minecraft:glow_lichen":1,"minecraft:crafting_table":1,"minecraft:granite":31,"minecraft:grass_block":2,"minecraft:coal_ore":79,"minecraft:gravel":1,"minecraft:dirt":26,"minecraft:stone":301,"minecraft:diorite":23},"minecraft:crafted":{"minecraft:crafting_table":2,"minecraft:spruce_planks":124,"minecraft:iron_ingot":1,"minecraft:wooden_pickaxe":1,"minecraft:stone_pickaxe":4,"minecraft:stone_sword":1,"minecraft:chest":2,"minecraft:furnace":1,"minecraft:torch":28,"minecraft:stone_axe":1,"minecraft:air":0},"minecraft:killed":{"hmag:ghost":1,"minecraft:zombie":1,"minecraft:cow":1},"minecraft:custom":{"minecraft:time_since_rest":36076,"minecraft:waystone_activated":1,"minecraft:interact_with_furnace":8,"minecraft:sprint_one_cm":76564,"minecraft:walk_one_cm":106643,"minecraft:damage_taken":275,"minecraft:mob_kills":3,"minecraft:drop":13,"minecraft:damage_dealt":570,"minecraft:swim_one_cm":7422,"minecraft:interact_with_crafting_table":16,"minecraft:fly_one_cm":113540,"minecraft:open_chest":18,"minecraft:crouch_one_cm":25633,"minecraft:play_time":41831,"minecraft:deaths":1,"minecraft:sneak_time":10558,"minecraft:walk_under_water_one_cm":2580,"minecraft:jump":814,"minecraft:walk_on_water_one_cm":6159,"minecraft:time_since_death":36053,"minecraft:interact_with_smoker":1,"minecraft:total_world_time":41831,"minecraft:fall_one_cm":10115},"minecraft:used":{"spartanweaponry:iron_battleaxe":11,"dynamictrees:spruce_seed":1,"minecraft:stone_sword":4,"minecraft:stone_pickaxe":501,"minecraft:chest":2,"minecraft:wooden_pickaxe":20,"farmersdelight:pumpkin_slice":9,"minecraft:stone_axe":7,"minecraft:torch":13,"minecraft:dirt":28,"minecraft:crafting_table":3,"minecraft:furnace":2,"minecraft:andesite":12},"minecraft:dropped":{"minecraft:cobblestone":112,"minecraft:coal":45},"minecraft:picked_up":{"minecraft:raw_iron":49,"minecraft:stick":30,"minecraft:crafting_table":1,"minecraft:andesite":36,"hmag:soul_powder":1,"minecraft:torch":2,"dynamictrees:spruce_seed":1,"minecraft:gravel":1,"minecraft:diorite":23,"minecraft:spruce_log":31,"minecraft:dirt":28,"minecraft:rotten_flesh":2,"minecraft:wheat_seeds":1,"farmersdelight:pumpkin_slice":25,"minecraft:granite":31,"minecraft:beef":1,"minecraft:coal":79,"minecraft:cobblestone":320,"minecraft:furnace":1},"minecraft:broken":{"minecraft:stone_pickaxe":3}},"DataVersion":3465}