{"stats":{"minecraft:mined":{"farmersdelight:wild_carrots":7,"alexsmobs:leafcutter_anthill":1,"minecraft:granite":6,"minecraft:grass_block":25,"minecraft:tall_seagrass":1,"minecraft:iron_ore":6,"minecraft:stone":184,"biomesoplenty:spider_egg":1,"minecraft:torch":2,"minecraft:melon":12,"minecraft:cobblestone":2,"biomesoplenty:sprout":1,"minecraft:diorite":1,"minecraft:wall_torch":2,"minecraft:seagrass":2,"minecraft:wheat":1,"minecraft:birch_leaves":3,"minecraft:grass":9,"minecraft:oak_log":7,"minecraft:coal_ore":25,"minecraft:gravel":9,"minecraft:dirt":32,"minecraft:oak_leaves":3,"minecraft:fern":4},"minecraft:killed_by":{"minecraft:player":2,"minecraft:skeleton":2},"minecraft:killed":{"minecraft:cave_spider":1,"aquaculture:bluegill":7,"aquaculture:piranha":1,"minecraft:spider":2,"aquaculture:smallmouth_bass":4,"alexsmobs:seagull":1,"minecraft:skeleton":15,"hmag:zombie_girl":1,"alexsmobs:leafcutter_ant":1,"minecraft:chicken":2,"aquaculture:brown_trout":2,"aquaculture:perch":10,"aquaculture:carp":2,"hmag:ghost":2,"minecraft:pig":2,"minecraft:zombie_villager":1,"minecraft:creeper":4,"minecraft:sheep":2,"aquaculture:minnow":4,"alexsmobs:cockroach":2,"alexsmobs:crocodile":1,"minecraft:zombie":22,"alexsmobs:fly":2,"alexsmobs:komodo_dragon":2,"minecraft:cow":3},"minecraft:crafted":{"minecraft:oak_planks":24,"spartanweaponry:iron_katana":1,"minecraft:stone_pickaxe":2,"aquaculture:fish_fillet_cooked":20,"minecraft:cooked_beef":4,"minecraft:crafting_table":1,"minecraft:wooden_pickaxe":1,"spartanweaponry:handle":4,"minecraft:birch_planks":4,"minecraft:air":0,"minecraft:stick":24,"minecraft:iron_ingot":3,"minecraft:white_bed":1,"minecraft:torch":40},"minecraft:custom":{"minecraft:mob_kills":97,"minecraft:interact_with_crafting_table":12,"minecraft:open_barrel":3,"minecraft:leave_game":3,"minecraft:time_since_death":207855,"minecraft:climb_one_cm":5173,"minecraft:sprint_one_cm":488440,"minecraft:walk_one_cm":510456,"minecraft:damage_blocked_by_shield":1055,"minecraft:drop":28,"minecraft:talked_to_villager":6,"minecraft:play_time":249347,"minecraft:deaths":4,"minecraft:sneak_time":7884,"minecraft:walk_under_water_one_cm":37443,"minecraft:boat_one_cm":117641,"minecraft:jump":4329,"minecraft:walk_on_water_one_cm":32029,"minecraft:total_world_time":249347,"minecraft:interact_with_furnace":12,"spartanshields:shield_bash_hits":5,"minecraft:sleep_in_bed":3,"minecraft:time_since_rest":117597,"minecraft:waystone_activated":2,"minecraft:damage_taken":2893,"minecraft:damage_dealt":11718,"minecraft:swim_one_cm":122865,"minecraft:fly_one_cm":786132,"minecraft:open_chest":58,"minecraft:crouch_one_cm":19557,"minecraft:fall_one_cm":122968},"minecraft:used":{"minecraft:stone_sword":122,"minecraft:chest":2,"minecraft:shield":31,"minecraft:cooked_salmon":3,"minecraft:rotten_flesh":3,"minecraft:torch":33,"minecraft:dirt":54,"minecraft:carrot":9,"minecraft:granite":1,"minecraft:beef":2,"minecraft:egg":2,"aquaculture:fish_fillet_cooked":5,"minecraft:cooked_beef":3,"minecraft:stone_pickaxe":237,"minecraft:wooden_pickaxe":7,"spartanweaponry:iron_flanged_mace":25,"minecraft:white_bed":1,"spartanweaponry:iron_katana":142,"minecraft:oak_log":1,"minecraft:apple":3,"minecraft:melon_slice":56,"minecraft:chicken":2,"minecraft:bread":14,"minecraft:gravel":5,"minecraft:cobblestone":17,"minecraft:porkchop":2,"alexsmobs:animal_dictionary":1,"spartanweaponry:iron_scythe":49},"minecraft:dropped":{"minecraft:porkchop":1,"minecraft:cooked_beef":1,"aquaculture:brown_trout":1,"aquaculture:smallmouth_bass":4,"aquaculture:minnow":3,"minecraft:dirt":19,"minecraft:mutton":2,"alexsmobs:maggot":2,"aquaculture:perch":7,"minecraft:rotten_flesh":1,"aquaculture:bluegill":2,"minecraft:spider_eye":1,"minecraft:stone_pickaxe":1},"minecraft:picked_up":{"minecraft:chicken":2,"spartanweaponry:cave_spider_head":1,"minecraft:lead":3,"minecraft:wooden_pickaxe":2,"minecraft:shield":2,"minecraft:cooked_salmon":4,"minecraft:zombie_head":1,"aquaculture:bluegill":6,"minecraft:beef":12,"minecraft:melon_slice":60,"minecraft:chest":2,"spartanweaponry:iron_flanged_mace":1,"minecraft:raw_iron":10,"minecraft:stick":32,"minecraft:torch":28,"aquaculture:perch":10,"minecraft:porkchop":3,"minecraft:diorite":1,"minecraft:carrot":8,"alexsmobs:crocodile_scute":6,"minecraft:arrow":28,"minecraft:stone_sword":4,"minecraft:rotten_flesh":20,"aquaculture:brown_trout":2,"aquaculture:carp":2,"minecraft:mutton":2,"minecraft:white_wool":2,"minecraft:cobblestone":313,"biomesoplenty:lavender":1,"minecraft:birch_log":1,"spartanweaponry:iron_warhammer":1,"minecraft:feather":1,"minecraft:leather":6,"minecraft:oak_log":7,"minecraft:gunpowder":4,"minecraft:dirt":120,"minecraft:bone":10,"minecraft:acacia_planks":1,"minecraft:bow":1,"minecraft:wheat_seeds":21,"alexsmobs:cockroach_wing_fragment":3,"minecraft:stone_pickaxe":2,"aquaculture:minnow":4,"minecraft:oak_planks":14,"minecraft:stone_hoe":1,"aquaculture:smallmouth_bass":4,"hmag:soul_powder":5,"minecraft:dandelion":1,"minecraft:gravel":16,"aquaculture:piranha":1,"minecraft:spider_eye":2,"alexsmobs:animal_dictionary":3,"minecraft:granite":6,"minecraft:bone_meal":3,"alexsmobs:maggot":4,"minecraft:oak_sapling":2,"minecraft:coal":40},"minecraft:broken":{"spartanweaponry:iron_flanged_mace":1,"minecraft:stone_pickaxe":1}},"DataVersion":3465}