{"stats":{"minecraft:mined":{"minecraft:torch":4,"minecraft:honey_block":1,"minecraft:grass_block":8,"biomesoplenty:high_grass_plant":17,"minecraft:tall_grass":4,"minecraft:oak_planks":27,"minecraft:sugar_cane":2,"minecraft:wall_torch":6,"dynamictrees:oak_leaves":4,"minecraft:iron_ore":12,"minecraft:dark_oak_stairs":1,"minecraft:grass":14,"minecraft:coal_ore":39,"biomesoplenty:high_grass":27,"minecraft:gravel":2,"minecraft:dirt":9,"dynamictrees:oak_sapling":1,"minecraft:stone":70,"minecraft:green_bed":1},"minecraft:killed_by":{"minecraft:skeleton":2},"minecraft:killed":{"hmag:ghost":1,"minecraft:spider":3,"minecraft:creeper":1,"minecraft:phantom":2,"minecraft:sheep":2,"minecraft:skeleton":1,"hmag:zombie_girl":1,"minecraft:zombie":14,"minecraft:chicken":2,"aquaculture:perch":2,"alexsmobs:fly":1,"alexsmobs:flying_fish":1,"minecraft:cow":2},"minecraft:crafted":{"minecraft:oak_planks":376,"minecraft:wooden_pickaxe":1,"minecraft:cooked_chicken":2,"minecraft:birch_planks":32,"minecraft:stone_axe":1,"minecraft:stick":8,"minecraft:stone_pickaxe":1,"minecraft:stone_sword":1,"aquaculture:fish_fillet_cooked":6,"minecraft:torch":16},"minecraft:used":{"minecraft:stone_sword":184,"minecraft:stone_pickaxe":105,"minecraft:oak_planks":403,"minecraft:wooden_pickaxe":16,"minecraft:green_bed":1,"dynamictrees:oak_seed":5,"minecraft:cooked_chicken":2,"minecraft:torch":27,"minecraft:dirt":154,"minecraft:mutton":3,"alexsmobs:flying_fish":1,"minecraft:bread":18,"dynamictrees:birch_seed":3,"minecraft:gravel":2,"minecraft:stone_axe":74,"minecraft:cobblestone":3,"minecraft:beef":1,"minecraft:potato":20,"minecraft:cooked_beef":1,"aquaculture:fish_fillet_cooked":6,"aquaculture:perch":2},"minecraft:custom":{"minecraft:interact_with_furnace":19,"minecraft:mob_kills":36,"minecraft:interact_with_cartography_table":1,"minecraft:interact_with_crafting_table":9,"minecraft:open_barrel":1,"minecraft:bell_ring":1,"minecraft:time_since_death":84928,"minecraft:climb_one_cm":2929,"minecraft:time_since_rest":84953,"minecraft:waystone_activated":3,"minecraft:sprint_one_cm":205682,"minecraft:damage_taken":1616,"minecraft:walk_one_cm":367461,"minecraft:drop":2,"minecraft:damage_dealt":5505,"minecraft:talked_to_villager":4,"minecraft:swim_one_cm":21691,"minecraft:fly_one_cm":377199,"minecraft:open_chest":45,"minecraft:crouch_one_cm":36297,"minecraft:play_time":89593,"minecraft:deaths":2,"minecraft:sneak_time":8864,"minecraft:walk_under_water_one_cm":10572,"minecraft:jump":2180,"minecraft:walk_on_water_one_cm":9531,"minecraft:total_world_time":89593,"minecraft:fall_one_cm":59598},"minecraft:dropped":{"alexsmobs:maggot":1,"minecraft:cobblestone":59},"minecraft:picked_up":{"minecraft:birch_log":8,"minecraft:feather":1,"minecraft:cooked_beef":1,"minecraft:chicken":2,"minecraft:leather":1,"minecraft:oak_log":94,"minecraft:gunpowder":2,"minecraft:dirt":154,"minecraft:string":7,"minecraft:beef":3,"dynamictrees:birch_seed":3,"dynamictrees:oak_seed":7,"minecraft:sugar_cane":4,"minecraft:oak_planks":27,"minecraft:phantom_membrane":1,"minecraft:dark_oak_stairs":1,"minecraft:raw_iron":12,"minecraft:stick":196,"hmag:soul_powder":1,"minecraft:torch":11,"minecraft:green_bed":1,"minecraft:gravel":2,"aquaculture:perch":2,"minecraft:spider_eye":2,"minecraft:arrow":1,"minecraft:rotten_flesh":12,"minecraft:honey_block":1,"minecraft:bone_meal":1,"alexsmobs:maggot":3,"minecraft:coal":39,"minecraft:mutton":3,"minecraft:white_wool":2,"alexsmobs:flying_fish":1,"minecraft:cobblestone":70},"minecraft:broken":{"minecraft:stone_axe":1,"minecraft:stone_sword":1}},"DataVersion":3465}