{"stats":{"minecraft:mined":{"minecraft:torch":1,"minecraft:grass_block":5,"biomesoplenty:high_grass_plant":17,"minecraft:tall_grass":4,"minecraft:sugar_cane":2,"minecraft:wall_torch":1,"minecraft:iron_ore":12,"minecraft:grass":12,"minecraft:coal_ore":39,"biomesoplenty:high_grass":27,"minecraft:gravel":2,"minecraft:dirt":7,"minecraft:stone":70},"minecraft:killed_by":{"minecraft:skeleton":2},"minecraft:killed":{"minecraft:spider":3,"minecraft:creeper":1,"minecraft:sheep":2,"minecraft:skeleton":1,"minecraft:zombie":4,"minecraft:chicken":2,"aquaculture:perch":2,"alexsmobs:fly":1,"alexsmobs:flying_fish":1,"minecraft:cow":1},"minecraft:crafted":{"minecraft:oak_planks":148,"minecraft:wooden_pickaxe":1,"minecraft:cooked_chicken":2,"minecraft:birch_planks":8,"minecraft:stone_axe":1,"minecraft:stick":8,"minecraft:stone_pickaxe":1,"minecraft:stone_sword":1,"aquaculture:fish_fillet_cooked":6,"minecraft:torch":16},"minecraft:used":{"minecraft:stone_sword":112,"minecraft:stone_pickaxe":105,"minecraft:wooden_pickaxe":16,"dynamictrees:oak_seed":3,"minecraft:cooked_chicken":2,"minecraft:torch":2,"minecraft:dirt":75,"minecraft:mutton":3,"alexsmobs:flying_fish":1,"minecraft:bread":2,"dynamictrees:birch_seed":3,"minecraft:gravel":2,"minecraft:stone_axe":15,"minecraft:beef":1,"minecraft:potato":19,"minecraft:cooked_beef":1,"aquaculture:fish_fillet_cooked":6,"aquaculture:perch":2},"minecraft:custom":{"minecraft:interact_with_furnace":18,"minecraft:mob_kills":19,"minecraft:interact_with_crafting_table":8,"minecraft:open_barrel":1,"minecraft:time_since_death":48928,"minecraft:climb_one_cm":851,"minecraft:time_since_rest":48953,"minecraft:waystone_activated":1,"minecraft:sprint_one_cm":116571,"minecraft:damage_taken":1091,"minecraft:walk_one_cm":207000,"minecraft:drop":2,"minecraft:damage_dealt":2588,"minecraft:swim_one_cm":19502,"minecraft:fly_one_cm":250393,"minecraft:open_chest":23,"minecraft:crouch_one_cm":4977,"minecraft:play_time":53593,"minecraft:deaths":2,"minecraft:sneak_time":2566,"minecraft:walk_under_water_one_cm":4627,"minecraft:jump":1411,"minecraft:walk_on_water_one_cm":7338,"minecraft:total_world_time":53593,"minecraft:fall_one_cm":38343},"minecraft:dropped":{"alexsmobs:maggot":1,"minecraft:cobblestone":59},"minecraft:picked_up":{"minecraft:birch_log":7,"minecraft:feather":1,"minecraft:cooked_beef":1,"minecraft:chicken":2,"minecraft:oak_log":60,"minecraft:dirt":75,"minecraft:string":5,"minecraft:beef":1,"dynamictrees:birch_seed":3,"dynamictrees:oak_seed":3,"minecraft:sugar_cane":4,"minecraft:raw_iron":12,"minecraft:stick":133,"minecraft:torch":2,"minecraft:gravel":2,"aquaculture:perch":2,"minecraft:spider_eye":2,"minecraft:arrow":1,"minecraft:rotten_flesh":5,"minecraft:bone_meal":1,"alexsmobs:maggot":3,"minecraft:coal":39,"minecraft:mutton":3,"minecraft:white_wool":2,"alexsmobs:flying_fish":1,"minecraft:cobblestone":70}},"DataVersion":3465}