{"stats":{"minecraft:killed_by":{"minecraft:player":1,"minecraft:skeleton":2},"minecraft:killed":{"minecraft:skeleton":7,"alexsmobs:cockroach":2,"minecraft:zombie":5,"alexsmobs:crocodile":1,"alexsmobs:leafcutter_ant":1,"alexsmobs:fly":2,"minecraft:cow":3},"minecraft:used":{"minecraft:oak_log":1,"minecraft:stone_sword":92,"minecraft:stone_pickaxe":154,"minecraft:wooden_pickaxe":7,"minecraft:shield":5,"minecraft:cooked_salmon":3,"minecraft:gravel":5,"minecraft:torch":5,"minecraft:dirt":11,"minecraft:cobblestone":13,"minecraft:carrot":8,"alexsmobs:animal_dictionary":1},"minecraft:crafted":{"minecraft:oak_planks":24,"minecraft:crafting_table":1,"minecraft:stick":20,"minecraft:wooden_pickaxe":1,"minecraft:stone_pickaxe":2,"minecraft:torch":28},"minecraft:picked_up":{"minecraft:stick":32,"minecraft:raw_iron":3,"minecraft:leather":6,"minecraft:torch":25,"minecraft:wooden_pickaxe":2,"minecraft:gravel":9,"minecraft:oak_log":7,"minecraft:shield":2,"minecraft:carrot":8,"alexsmobs:crocodile_scute":6,"minecraft:dirt":47,"alexsmobs:animal_dictionary":3,"minecraft:cooked_salmon":4,"minecraft:stone_sword":4,"minecraft:arrow":23,"minecraft:bone":9,"minecraft:rotten_flesh":1,"minecraft:bow":1,"alexsmobs:cockroach_wing_fragment":3,"minecraft:stone_pickaxe":2,"minecraft:beef":12,"alexsmobs:maggot":4,"minecraft:stone_hoe":1,"minecraft:oak_planks":14,"minecraft:coal":37,"minecraft:cobblestone":259},"minecraft:custom":{"minecraft:time_since_rest":2004,"minecraft:interact_with_furnace":1,"minecraft:sprint_one_cm":89678,"minecraft:damage_taken":1000,"minecraft:walk_one_cm":142079,"minecraft:damage_blocked_by_shield":265,"minecraft:mob_kills":21,"minecraft:drop":3,"minecraft:damage_dealt":3056,"minecraft:interact_with_crafting_table":5,"minecraft:swim_one_cm":13291,"minecraft:fly_one_cm":155691,"minecraft:open_chest":8,"minecraft:play_time":40484,"minecraft:crouch_one_cm":12159,"minecraft:deaths":3,"minecraft:sneak_time":4884,"minecraft:walk_under_water_one_cm":5528,"minecraft:jump":914,"minecraft:leave_game":2,"minecraft:time_since_death":1971,"minecraft:walk_on_water_one_cm":6635,"minecraft:total_world_time":40484,"minecraft:climb_one_cm":225,"minecraft:fall_one_cm":29948},"minecraft:dropped":{"alexsmobs:maggot":2,"minecraft:stone_pickaxe":1},"minecraft:broken":{"minecraft:stone_pickaxe":1},"minecraft:mined":{"minecraft:iron_ore":1,"alexsmobs:leafcutter_anthill":1,"farmersdelight:wild_carrots":7,"minecraft:torch":1,"minecraft:grass":5,"minecraft:grass_block":3,"minecraft:oak_log":7,"minecraft:coal_ore":22,"minecraft:gravel":9,"minecraft:dirt":20,"minecraft:cobblestone":2,"minecraft:stone":135,"minecraft:oak_leaves":1}},"DataVersion":3465}