{"stats":{"minecraft:mined":{"minecraft:spruce_planks":10,"minecraft:cobblestone_stairs":11,"minecraft:torch":6,"minecraft:granite":6,"minecraft:honey_block":2,"minecraft:grass_block":50,"biomesoplenty:high_grass_plant":51,"minecraft:tall_grass":6,"minecraft:cobblestone":17,"minecraft:oak_planks":38,"minecraft:sugar_cane":2,"minecraft:wall_torch":15,"dynamictrees:oak_leaves":4,"minecraft:hay_block":26,"minecraft:birch_planks":2,"minecraft:iron_ore":29,"minecraft:jukebox":1,"minecraft:birch_door":1,"minecraft:dark_oak_stairs":1,"minecraft:grass":32,"minecraft:coal_ore":87,"biomesoplenty:high_grass":39,"minecraft:gravel":2,"minecraft:dirt":57,"dynamictrees:oak_sapling":1,"minecraft:stone":277,"minecraft:green_bed":1},"minecraft:custom":{"minecraft:interact_with_furnace":22,"minecraft:mob_kills":42,"minecraft:interact_with_crafting_table":27,"minecraft:interact_with_cartography_table":1,"minecraft:open_barrel":1,"minecraft:bell_ring":1,"minecraft:leave_game":3,"minecraft:time_since_death":65031,"minecraft:sleep_in_bed":7,"minecraft:climb_one_cm":2929,"minecraft:waystone_activated":4,"minecraft:time_since_rest":15426,"minecraft:sprint_one_cm":376439,"minecraft:damage_taken":2922,"minecraft:walk_one_cm":603865,"minecraft:drop":5,"minecraft:damage_dealt":6586,"minecraft:swim_one_cm":93296,"minecraft:fly_one_cm":719062,"minecraft:talked_to_villager":7,"minecraft:open_chest":81,"minecraft:crouch_one_cm":56480,"minecraft:play_time":171515,"minecraft:deaths":3,"minecraft:sneak_time":15939,"minecraft:walk_under_water_one_cm":43845,"minecraft:jump":4031,"minecraft:walk_on_water_one_cm":22002,"minecraft:total_world_time":171515,"minecraft:fall_one_cm":108250},"minecraft:killed":{"hmag:ghost":3,"minecraft:spider":4,"minecraft:creeper":1,"minecraft:phantom":2,"minecraft:skeleton":2,"minecraft:sheep":2,"hmag:zombie_girl":1,"minecraft:zombie":15,"minecraft:chicken":2,"aquaculture:perch":2,"alexsmobs:fly":1,"alexsmobs:flying_fish":1,"minecraft:cow":2},"minecraft:used":{"minecraft:stone_sword":279,"minecraft:cobblestone_stairs":17,"minecraft:iron_shovel":65,"minecraft:birch_planks":24,"minecraft:stone_pickaxe":262,"minecraft:oak_planks":534,"minecraft:chest":2,"minecraft:spruce_planks":116,"minecraft:wooden_pickaxe":16,"hmag:honeyed_lemon":2,"dynamictrees:oak_seed":7,"minecraft:green_bed":1,"minecraft:cooked_chicken":2,"minecraft:torch":50,"minecraft:dirt":243,"minecraft:mutton":3,"minecraft:crafting_table":1,"minecraft:granite":2,"alexsmobs:flying_fish":1,"minecraft:birch_door":3,"minecraft:apple":2,"minecraft:bread":32,"minecraft:iron_pickaxe":151,"dynamictrees:birch_seed":3,"minecraft:gravel":2,"minecraft:stone_axe":103,"minecraft:cobblestone":145,"minecraft:beef":3,"minecraft:furnace":1,"minecraft:cooked_beef":1,"minecraft:pumpkin_pie":1,"aquaculture:fish_fillet_cooked":6,"minecraft:potato":36,"aquaculture:perch":2,"minecraft:jukebox":1},"minecraft:dropped":{"minecraft:bread":32,"alexsmobs:maggot":1,"minecraft:cobblestone":59,"spartanweaponry:iron_saber":1,"minecraft:potato":1},"minecraft:broken":{"minecraft:stone_pickaxe":2,"minecraft:stone_sword":1,"minecraft:stone_axe":1},"minecraft:killed_by":{"minecraft:skeleton":2},"minecraft:crafted":{"minecraft:oak_planks":496,"minecraft:crafting_table":1,"minecraft:spruce_planks":108,"minecraft:wooden_pickaxe":1,"minecraft:cooked_chicken":2,"minecraft:furnace":1,"minecraft:cobblestone_stairs":8,"minecraft:birch_planks":64,"minecraft:stone_axe":2,"minecraft:bread":78,"minecraft:air":0,"minecraft:stick":8,"minecraft:iron_ingot":9,"minecraft:stone_pickaxe":2,"minecraft:iron_pickaxe":1,"minecraft:stone_sword":2,"minecraft:chest":2,"minecraft:iron_shovel":1,"aquaculture:fish_fillet_cooked":6,"minecraft:birch_door":3,"minecraft:torch":136,"minecraft:wheat":234},"minecraft:picked_up":{"minecraft:birch_log":16,"minecraft:birch_door":1,"minecraft:feather":1,"minecraft:cooked_beef":1,"minecraft:chicken":2,"minecraft:leather":1,"minecraft:birch_planks":2,"minecraft:oak_log":124,"minecraft:gunpowder":2,"minecraft:cobblestone_stairs":11,"minecraft:dirt":243,"minecraft:string":7,"minecraft:bone":1,"minecraft:wheat_seeds":4,"minecraft:spruce_planks":10,"minecraft:beef":3,"dynamictrees:birch_seed":3,"dynamictrees:oak_seed":8,"minecraft:sugar_cane":4,"minecraft:oak_planks":38,"minecraft:phantom_membrane":1,"minecraft:dark_oak_stairs":1,"minecraft:stick":231,"minecraft:raw_iron":29,"spartanweaponry:iron_saber":2,"minecraft:jukebox":1,"hmag:soul_powder":5,"minecraft:torch":22,"minecraft:green_bed":1,"minecraft:dandelion":5,"minecraft:gravel":2,"aquaculture:perch":2,"minecraft:cookie":1,"minecraft:spider_eye":3,"minecraft:arrow":3,"minecraft:rotten_flesh":15,"minecraft:honey_block":2,"minecraft:hay_block":26,"minecraft:granite":6,"minecraft:bone_meal":1,"minecraft:bread":32,"alexsmobs:maggot":4,"minecraft:baked_potato":15,"minecraft:mutton":3,"minecraft:coal":87,"alexsmobs:flying_fish":1,"minecraft:white_wool":2,"minecraft:cobblestone":291}},"DataVersion":3465}