{"stats":{"minecraft:mined":{"minecraft:iron_ore":7,"minecraft:grass":10,"minecraft:grass_block":5,"minecraft:coal_ore":20,"biomesoplenty:high_grass":27,"minecraft:gravel":2,"minecraft:dirt":7,"biomesoplenty:high_grass_plant":17,"minecraft:tall_grass":4,"minecraft:stone":67},"minecraft:killed_by":{"minecraft:skeleton":2},"minecraft:crafted":{"minecraft:stick":8,"minecraft:wooden_pickaxe":1,"minecraft:cooked_chicken":2,"minecraft:stone_pickaxe":1,"minecraft:stone_sword":1,"minecraft:torch":16,"minecraft:birch_planks":8,"minecraft:stone_axe":1},"minecraft:killed":{"minecraft:sheep":1,"minecraft:chicken":2,"minecraft:spider":1,"aquaculture:perch":1},"minecraft:used":{"minecraft:stone_sword":64,"minecraft:stone_pickaxe":78,"minecraft:wooden_pickaxe":16,"dynamictrees:birch_seed":3,"dynamictrees:oak_seed":2,"minecraft:cooked_chicken":2,"minecraft:stone_axe":8,"minecraft:dirt":8,"minecraft:mutton":2,"minecraft:cooked_beef":1,"aquaculture:perch":1},"minecraft:custom":{"minecraft:time_since_rest":24953,"minecraft:waystone_activated":1,"minecraft:interact_with_furnace":10,"minecraft:sprint_one_cm":61295,"minecraft:damage_taken":786,"minecraft:walk_one_cm":98722,"minecraft:mob_kills":5,"minecraft:drop":1,"minecraft:damage_dealt":768,"minecraft:swim_one_cm":4062,"minecraft:interact_with_crafting_table":8,"minecraft:fly_one_cm":142339,"minecraft:open_chest":2,"minecraft:crouch_one_cm":3332,"minecraft:play_time":29593,"minecraft:deaths":2,"minecraft:sneak_time":1689,"minecraft:walk_under_water_one_cm":1749,"minecraft:jump":794,"minecraft:walk_on_water_one_cm":3158,"minecraft:time_since_death":24928,"minecraft:total_world_time":29593,"minecraft:fall_one_cm":20492},"minecraft:dropped":{"minecraft:cobblestone":59},"minecraft:picked_up":{"minecraft:birch_log":7,"minecraft:stick":60,"minecraft:raw_iron":7,"minecraft:cooked_beef":1,"minecraft:feather":1,"minecraft:chicken":2,"aquaculture:perch":1,"minecraft:gravel":2,"minecraft:oak_log":27,"minecraft:string":1,"minecraft:spider_eye":1,"minecraft:dirt":30,"dynamictrees:birch_seed":3,"dynamictrees:oak_seed":2,"minecraft:mutton":2,"minecraft:coal":20,"minecraft:white_wool":1,"minecraft:cobblestone":67}},"DataVersion":3465}