{"stats":{"minecraft:crafted":{"minecraft:cooked_beef":4,"minecraft:oak_planks":24,"minecraft:crafting_table":1,"minecraft:wooden_pickaxe":1,"spartanweaponry:handle":4,"spartanweaponry:iron_katana":1,"minecraft:air":0,"minecraft:stick":20,"minecraft:iron_ingot":3,"minecraft:stone_pickaxe":2,"minecraft:torch":28},"minecraft:picked_up":{"minecraft:leather":6,"minecraft:wooden_pickaxe":2,"minecraft:oak_log":7,"minecraft:shield":2,"minecraft:dirt":56,"minecraft:cooked_salmon":4,"minecraft:bone":9,"minecraft:acacia_planks":1,"minecraft:bow":1,"aquaculture:bluegill":2,"alexsmobs:cockroach_wing_fragment":3,"minecraft:beef":12,"minecraft:stone_pickaxe":2,"aquaculture:minnow":3,"spartanweaponry:iron_flanged_mace":1,"minecraft:oak_planks":14,"minecraft:stone_hoe":1,"aquaculture:smallmouth_bass":4,"minecraft:raw_iron":10,"minecraft:stick":32,"minecraft:torch":27,"minecraft:gravel":16,"aquaculture:perch":7,"minecraft:diorite":1,"minecraft:carrot":8,"alexsmobs:animal_dictionary":3,"alexsmobs:crocodile_scute":6,"minecraft:stone_sword":4,"minecraft:arrow":23,"minecraft:rotten_flesh":4,"aquaculture:brown_trout":1,"minecraft:granite":6,"minecraft:bone_meal":2,"alexsmobs:maggot":4,"minecraft:coal":40,"minecraft:cobblestone":313},"minecraft:broken":{"minecraft:stone_pickaxe":1},"minecraft:custom":{"minecraft:interact_with_furnace":7,"spartanshields:shield_bash_hits":5,"minecraft:mob_kills":48,"minecraft:interact_with_crafting_table":9,"minecraft:leave_game":2,"minecraft:time_since_death":28021,"minecraft:climb_one_cm":225,"minecraft:time_since_rest":28046,"minecraft:sprint_one_cm":150444,"minecraft:damage_taken":1498,"minecraft:walk_one_cm":228875,"minecraft:damage_blocked_by_shield":385,"minecraft:drop":5,"minecraft:damage_dealt":5205,"minecraft:swim_one_cm":41234,"minecraft:fly_one_cm":222204,"minecraft:open_chest":15,"minecraft:crouch_one_cm":14646,"minecraft:play_time":69513,"minecraft:deaths":4,"minecraft:sneak_time":6318,"minecraft:walk_under_water_one_cm":21989,"minecraft:jump":1448,"minecraft:walk_on_water_one_cm":17524,"minecraft:total_world_time":69513,"minecraft:fall_one_cm":42787},"minecraft:used":{"minecraft:stone_sword":122,"minecraft:stone_pickaxe":219,"minecraft:shield":9,"minecraft:wooden_pickaxe":7,"minecraft:cooked_salmon":3,"minecraft:torch":31,"minecraft:dirt":18,"spartanweaponry:iron_flanged_mace":3,"minecraft:carrot":9,"spartanweaponry:iron_katana":58,"minecraft:granite":1,"minecraft:oak_log":1,"minecraft:gravel":5,"minecraft:cobblestone":17,"minecraft:beef":2,"alexsmobs:animal_dictionary":1,"minecraft:cooked_beef":3},"minecraft:dropped":{"alexsmobs:maggot":2,"minecraft:cooked_beef":1,"minecraft:dirt":1,"minecraft:stone_pickaxe":1},"minecraft:killed":{"aquaculture:bluegill":2,"aquaculture:smallmouth_bass":4,"minecraft:skeleton":9,"aquaculture:minnow":3,"alexsmobs:crocodile":1,"minecraft:zombie":12,"alexsmobs:cockroach":2,"alexsmobs:leafcutter_ant":1,"aquaculture:brown_trout":1,"aquaculture:perch":8,"alexsmobs:fly":2,"minecraft:cow":3},"minecraft:killed_by":{"minecraft:player":2,"minecraft:skeleton":2},"minecraft:mined":{"farmersdelight:wild_carrots":7,"alexsmobs:leafcutter_anthill":1,"minecraft:torch":2,"minecraft:granite":6,"minecraft:grass_block":6,"minecraft:cobblestone":2,"minecraft:diorite":1,"minecraft:wall_torch":1,"minecraft:seagrass":2,"minecraft:tall_seagrass":1,"minecraft:iron_ore":6,"minecraft:grass":5,"minecraft:oak_log":7,"minecraft:coal_ore":25,"minecraft:gravel":9,"minecraft:dirt":20,"minecraft:stone":184,"minecraft:oak_leaves":1}},"DataVersion":3465}