{"stats":{"minecraft:mined":{"minecraft:spruce_planks":10,"minecraft:cobblestone_stairs":11,"minecraft:granite":8,"minecraft:grass_block":50,"minecraft:hay_block":26,"dynamictrees:oak_leaves":4,"minecraft:iron_ore":57,"minecraft:andesite":4,"minecraft:dark_oak_stairs":1,"biomesoplenty:high_grass":39,"minecraft:stone":293,"minecraft:green_bed":1,"minecraft:oak_fence":2,"minecraft:torch":6,"minecraft:honey_block":2,"biomesoplenty:high_grass_plant":51,"minecraft:tall_grass":6,"minecraft:cobblestone":17,"minecraft:sugar_cane":2,"minecraft:oak_planks":59,"minecraft:diorite":8,"minecraft:wall_torch":15,"minecraft:birch_planks":2,"minecraft:jukebox":1,"minecraft:birch_door":1,"minecraft:grass":32,"minecraft:coal_ore":128,"minecraft:gravel":5,"minecraft:dirt":57,"dynamictrees:oak_sapling":1},"minecraft:custom":{"minecraft:mob_kills":47,"minecraft:interact_with_crafting_table":33,"minecraft:open_barrel":1,"minecraft:bell_ring":1,"minecraft:leave_game":3,"minecraft:time_since_death":75298,"minecraft:climb_one_cm":2929,"minecraft:sprint_one_cm":401970,"minecraft:walk_one_cm":648598,"minecraft:drop":5,"minecraft:talked_to_villager":7,"minecraft:play_time":181782,"minecraft:deaths":3,"minecraft:sneak_time":18086,"minecraft:walk_under_water_one_cm":43845,"minecraft:jump":4144,"minecraft:walk_on_water_one_cm":23499,"minecraft:total_world_time":181782,"minecraft:interact_with_furnace":28,"minecraft:interact_with_cartography_table":1,"minecraft:sleep_in_bed":7,"minecraft:time_since_rest":25693,"minecraft:waystone_activated":4,"minecraft:damage_taken":3047,"minecraft:damage_dealt":7924,"minecraft:swim_one_cm":93296,"minecraft:fly_one_cm":727621,"minecraft:open_chest":82,"minecraft:crouch_one_cm":62796,"minecraft:fall_one_cm":110709},"minecraft:killed":{"minecraft:spider":4,"minecraft:phantom":2,"minecraft:skeleton":3,"hmag:zombie_girl":1,"minecraft:chicken":2,"aquaculture:perch":2,"alexsmobs:flying_fish":1,"hmag:ghost":3,"minecraft:creeper":1,"hmag:kobold":1,"minecraft:sheep":2,"minecraft:zombie":18,"alexsmobs:fly":1,"minecraft:cow":2},"minecraft:broken":{"minecraft:stone_sword":1,"minecraft:stone_pickaxe":2,"minecraft:stone_axe":1,"minecraft:iron_pickaxe":1},"minecraft:used":{"minecraft:stone_sword":314,"minecraft:iron_shovel":67,"minecraft:spruce_planks":116,"minecraft:chest":3,"hmag:honeyed_lemon":2,"dynamictrees:oak_seed":7,"minecraft:cooked_chicken":2,"minecraft:torch":65,"minecraft:dirt":243,"minecraft:mutton":3,"minecraft:granite":8,"minecraft:birch_door":3,"dynamictrees:birch_seed":3,"minecraft:beef":3,"minecraft:furnace":2,"aquaculture:fish_fillet_cooked":6,"minecraft:cooked_beef":1,"minecraft:potato":36,"minecraft:diorite":2,"minecraft:cobblestone_stairs":17,"minecraft:birch_planks":24,"minecraft:stone_pickaxe":262,"minecraft:baked_potato":1,"minecraft:oak_planks":534,"minecraft:wooden_pickaxe":16,"minecraft:green_bed":1,"minecraft:crafting_table":2,"alexsmobs:flying_fish":1,"minecraft:apple":2,"minecraft:bread":34,"minecraft:iron_pickaxe":251,"minecraft:gravel":2,"minecraft:stone_axe":126,"minecraft:cobblestone":145,"minecraft:pumpkin_pie":1,"minecraft:jukebox":1,"aquaculture:perch":2},"minecraft:dropped":{"minecraft:bread":32,"minecraft:cobblestone":59,"alexsmobs:maggot":1,"spartanweaponry:iron_saber":1,"minecraft:potato":1},"minecraft:killed_by":{"minecraft:skeleton":2},"minecraft:crafted":{"minecraft:oak_planks":496,"minecraft:cooked_chicken":2,"minecraft:furnace":2,"minecraft:cobblestone_stairs":8,"minecraft:stone_pickaxe":2,"minecraft:chest":3,"minecraft:oak_button":5,"aquaculture:fish_fillet_cooked":6,"minecraft:birch_door":3,"minecraft:wheat":234,"minecraft:crafting_table":2,"minecraft:spruce_planks":108,"minecraft:wooden_pickaxe":1,"minecraft:birch_planks":64,"minecraft:stone_axe":2,"minecraft:bread":78,"minecraft:air":0,"minecraft:stick":8,"minecraft:iron_ingot":13,"minecraft:iron_pickaxe":2,"minecraft:stone_sword":2,"minecraft:iron_shovel":1,"minecraft:torch":136},"minecraft:picked_up":{"minecraft:birch_door":1,"minecraft:chicken":2,"minecraft:string":7,"minecraft:spruce_planks":10,"minecraft:beef":3,"dynamictrees:oak_seed":8,"minecraft:sugar_cane":4,"minecraft:phantom_membrane":1,"minecraft:raw_iron":56,"minecraft:stick":231,"minecraft:jukebox":1,"minecraft:oak_fence":2,"minecraft:torch":22,"minecraft:green_bed":1,"aquaculture:perch":2,"minecraft:cookie":1,"minecraft:diorite":8,"minecraft:arrow":3,"minecraft:rotten_flesh":19,"minecraft:hay_block":26,"minecraft:mutton":3,"minecraft:cobblestone":307,"minecraft:white_wool":2,"alexsmobs:flying_fish":1,"minecraft:rail":1,"minecraft:birch_log":16,"minecraft:feather":1,"minecraft:cooked_beef":1,"minecraft:andesite":4,"minecraft:leather":1,"minecraft:birch_planks":2,"minecraft:oak_log":124,"minecraft:gunpowder":2,"minecraft:cobblestone_stairs":11,"minecraft:dirt":243,"minecraft:bone":3,"minecraft:wheat_seeds":4,"dynamictrees:birch_seed":3,"minecraft:oak_planks":59,"minecraft:dark_oak_stairs":1,"spartanweaponry:iron_saber":2,"hmag:soul_powder":5,"minecraft:dandelion":5,"minecraft:gravel":5,"hmag:kobold_leather":1,"minecraft:spider_eye":3,"minecraft:honey_block":2,"minecraft:granite":8,"minecraft:bone_meal":1,"minecraft:bread":32,"alexsmobs:maggot":4,"minecraft:baked_potato":15,"minecraft:coal":129}},"DataVersion":3465}