{"stats":{"minecraft:mined":{"minecraft:spruce_planks":10,"minecraft:deepslate_diamond_ore":2,"minecraft:cobblestone_stairs":11,"minecraft:granite":8,"minecraft:grass_block":57,"minecraft:hay_block":39,"dynamictrees:oak_leaves":4,"minecraft:iron_ore":80,"minecraft:andesite":4,"minecraft:deepslate_lapis_ore":2,"minecraft:dark_oak_stairs":1,"biomesoplenty:high_grass":42,"minecraft:stone":301,"minecraft:green_bed":1,"minecraft:oak_fence":2,"minecraft:torch":7,"minecraft:honey_block":2,"biomesoplenty:high_grass_plant":69,"minecraft:tall_grass":6,"minecraft:cobblestone":22,"minecraft:deepslate_gold_ore":1,"minecraft:lapis_ore":2,"minecraft:sugar_cane":2,"minecraft:oak_planks":59,"minecraft:diorite":8,"minecraft:wall_torch":15,"minecraft:birch_planks":2,"minecraft:jukebox":1,"minecraft:birch_door":1,"minecraft:grass":34,"minecraft:coal_ore":128,"minecraft:gravel":5,"minecraft:dirt":65,"minecraft:cobweb":2,"dynamictrees:oak_sapling":1,"minecraft:deepslate":3},"minecraft:custom":{"minecraft:mob_kills":53,"minecraft:interact_with_crafting_table":43,"minecraft:open_barrel":1,"minecraft:bell_ring":1,"minecraft:leave_game":3,"minecraft:time_since_death":99298,"minecraft:climb_one_cm":3451,"minecraft:sprint_one_cm":521823,"minecraft:walk_one_cm":734052,"minecraft:drop":7,"minecraft:talked_to_villager":8,"minecraft:play_time":205782,"minecraft:deaths":3,"minecraft:sneak_time":19913,"minecraft:walk_under_water_one_cm":44998,"minecraft:jump":4853,"minecraft:walk_on_water_one_cm":27340,"minecraft:total_world_time":205782,"minecraft:interact_with_furnace":43,"minecraft:interact_with_cartography_table":1,"minecraft:sleep_in_bed":7,"minecraft:time_since_rest":49693,"minecraft:waystone_activated":4,"minecraft:damage_taken":3263,"minecraft:damage_dealt":9003,"minecraft:swim_one_cm":110853,"minecraft:fly_one_cm":860242,"minecraft:open_chest":97,"minecraft:crouch_one_cm":70090,"minecraft:fall_one_cm":129756},"minecraft:killed":{"minecraft:spider":4,"minecraft:phantom":2,"minecraft:skeleton":5,"hmag:zombie_girl":1,"minecraft:chicken":2,"aquaculture:perch":2,"alexsmobs:flying_fish":1,"hmag:ghost":5,"minecraft:creeper":2,"hmag:kobold":1,"minecraft:sheep":2,"minecraft:zombie":18,"alexsmobs:fly":1,"minecraft:cow":2},"minecraft:broken":{"minecraft:stone_sword":1,"minecraft:stone_pickaxe":2,"minecraft:stone_axe":1,"minecraft:iron_pickaxe":1},"minecraft:used":{"minecraft:stone_sword":315,"minecraft:iron_shovel":82,"minecraft:spruce_planks":116,"minecraft:chest":3,"hmag:honeyed_lemon":2,"minecraft:iron_sword":30,"dynamictrees:oak_seed":7,"minecraft:cooked_chicken":2,"minecraft:torch":104,"minecraft:dirt":243,"minecraft:mutton":3,"minecraft:granite":8,"minecraft:birch_door":3,"dynamictrees:birch_seed":3,"minecraft:beef":3,"minecraft:furnace":2,"aquaculture:fish_fillet_cooked":6,"minecraft:cooked_beef":1,"minecraft:potato":36,"minecraft:diorite":2,"minecraft:cobblestone_stairs":17,"minecraft:birch_planks":24,"minecraft:stone_pickaxe":262,"minecraft:baked_potato":1,"minecraft:oak_planks":534,"minecraft:wooden_pickaxe":16,"minecraft:green_bed":1,"minecraft:crafting_table":2,"alexsmobs:flying_fish":1,"minecraft:apple":2,"minecraft:bread":44,"minecraft:string":1,"minecraft:iron_pickaxe":297,"minecraft:gravel":2,"minecraft:stone_axe":126,"minecraft:cobblestone":209,"minecraft:pumpkin_pie":1,"minecraft:jukebox":1,"aquaculture:perch":2},"minecraft:dropped":{"minecraft:bread":34,"minecraft:cobblestone":59,"alexsmobs:maggot":1,"spartanweaponry:iron_saber":1,"minecraft:potato":1},"minecraft:killed_by":{"minecraft:skeleton":2},"minecraft:crafted":{"minecraft:oak_planks":496,"minecraft:cooked_chicken":2,"minecraft:furnace":2,"minecraft:cobblestone_stairs":8,"minecraft:iron_boots":1,"minecraft:stone_pickaxe":2,"minecraft:chest":3,"minecraft:oak_button":5,"aquaculture:fish_fillet_cooked":6,"minecraft:birch_door":3,"minecraft:wheat":234,"minecraft:crafting_table":2,"minecraft:spruce_planks":108,"minecraft:iron_helmet":1,"minecraft:wooden_pickaxe":1,"minecraft:iron_sword":1,"minecraft:birch_planks":64,"minecraft:stone_axe":2,"minecraft:bread":78,"minecraft:air":0,"minecraft:iron_chestplate":1,"minecraft:stick":8,"minecraft:iron_ingot":38,"minecraft:iron_pickaxe":2,"minecraft:stone_sword":2,"minecraft:iron_shovel":1,"minecraft:iron_leggings":1,"minecraft:torch":136},"minecraft:picked_up":{"minecraft:birch_door":1,"minecraft:chicken":2,"minecraft:string":9,"minecraft:cobbled_deepslate":3,"minecraft:spruce_planks":10,"minecraft:beef":3,"dynamictrees:oak_seed":8,"minecraft:sugar_cane":4,"minecraft:phantom_membrane":1,"minecraft:raw_iron":79,"minecraft:stick":231,"minecraft:jukebox":1,"minecraft:oak_fence":2,"minecraft:torch":23,"minecraft:green_bed":1,"aquaculture:perch":2,"minecraft:cookie":1,"minecraft:diorite":8,"minecraft:arrow":5,"minecraft:rotten_flesh":19,"minecraft:hay_block":39,"minecraft:mutton":3,"minecraft:cobblestone":320,"minecraft:white_wool":2,"alexsmobs:flying_fish":1,"minecraft:rail":1,"minecraft:birch_log":16,"minecraft:feather":1,"minecraft:cooked_beef":1,"minecraft:andesite":4,"minecraft:leather":1,"minecraft:birch_planks":2,"minecraft:oak_log":124,"minecraft:gunpowder":4,"minecraft:cobblestone_stairs":11,"minecraft:lapis_lazuli":27,"minecraft:dirt":243,"minecraft:bone":3,"minecraft:wheat_seeds":4,"minecraft:raw_gold":1,"dynamictrees:birch_seed":3,"minecraft:oak_planks":59,"minecraft:dark_oak_stairs":1,"spartanweaponry:iron_saber":2,"hmag:soul_powder":5,"minecraft:dandelion":5,"minecraft:gravel":5,"hmag:kobold_leather":1,"minecraft:spider_eye":3,"minecraft:diamond":2,"minecraft:honey_block":2,"minecraft:granite":8,"minecraft:bone_meal":1,"minecraft:bread":32,"alexsmobs:maggot":4,"minecraft:baked_potato":15,"minecraft:coal":129}},"DataVersion":3465}