{"stats":{"minecraft:crafted":{"minecraft:cooked_beef":4,"minecraft:oak_planks":24,"minecraft:crafting_table":1,"minecraft:wooden_pickaxe":1,"spartanweaponry:handle":4,"spartanweaponry:iron_katana":1,"minecraft:birch_planks":4,"minecraft:air":0,"minecraft:stick":20,"minecraft:iron_ingot":3,"minecraft:stone_pickaxe":2,"aquaculture:fish_fillet_cooked":20,"minecraft:torch":28},"minecraft:picked_up":{"minecraft:birch_log":1,"minecraft:leather":6,"minecraft:lead":3,"minecraft:wooden_pickaxe":2,"minecraft:oak_log":7,"minecraft:gunpowder":1,"minecraft:shield":2,"minecraft:dirt":63,"minecraft:cooked_salmon":4,"minecraft:bone":9,"minecraft:acacia_planks":1,"minecraft:bow":1,"aquaculture:bluegill":6,"alexsmobs:cockroach_wing_fragment":3,"minecraft:beef":12,"minecraft:stone_pickaxe":2,"aquaculture:minnow":4,"spartanweaponry:iron_flanged_mace":1,"minecraft:oak_planks":14,"minecraft:stone_hoe":1,"aquaculture:smallmouth_bass":4,"minecraft:raw_iron":10,"minecraft:stick":32,"minecraft:torch":27,"minecraft:gravel":16,"aquaculture:perch":10,"minecraft:diorite":1,"minecraft:carrot":8,"alexsmobs:animal_dictionary":3,"alexsmobs:crocodile_scute":6,"minecraft:stone_sword":4,"minecraft:arrow":23,"minecraft:rotten_flesh":7,"aquaculture:brown_trout":2,"minecraft:granite":6,"minecraft:bone_meal":3,"aquaculture:carp":2,"alexsmobs:maggot":4,"minecraft:mutton":1,"minecraft:coal":40,"minecraft:white_wool":1,"minecraft:cobblestone":313},"minecraft:broken":{"minecraft:stone_pickaxe":1},"minecraft:custom":{"minecraft:interact_with_furnace":11,"spartanshields:shield_bash_hits":5,"minecraft:mob_kills":64,"minecraft:interact_with_crafting_table":9,"minecraft:leave_game":2,"minecraft:time_since_death":40021,"minecraft:climb_one_cm":225,"minecraft:time_since_rest":40046,"minecraft:sprint_one_cm":189905,"minecraft:damage_taken":1543,"minecraft:walk_one_cm":281278,"minecraft:damage_blocked_by_shield":385,"minecraft:drop":23,"minecraft:damage_dealt":6415,"minecraft:swim_one_cm":63250,"minecraft:fly_one_cm":257410,"minecraft:open_chest":20,"minecraft:crouch_one_cm":15047,"minecraft:play_time":81513,"minecraft:deaths":4,"minecraft:sneak_time":6588,"minecraft:walk_under_water_one_cm":29626,"minecraft:jump":1701,"minecraft:walk_on_water_one_cm":21206,"minecraft:total_world_time":81513,"minecraft:fall_one_cm":47282},"minecraft:used":{"minecraft:stone_sword":122,"minecraft:stone_pickaxe":219,"minecraft:shield":9,"minecraft:wooden_pickaxe":7,"minecraft:cooked_salmon":3,"minecraft:torch":31,"minecraft:dirt":18,"spartanweaponry:iron_flanged_mace":11,"minecraft:carrot":9,"spartanweaponry:iron_katana":84,"minecraft:granite":1,"minecraft:oak_log":1,"minecraft:gravel":5,"minecraft:cobblestone":17,"minecraft:beef":2,"alexsmobs:animal_dictionary":1,"aquaculture:fish_fillet_cooked":4,"minecraft:cooked_beef":3},"minecraft:dropped":{"alexsmobs:maggot":2,"minecraft:cooked_beef":1,"aquaculture:perch":7,"aquaculture:brown_trout":1,"aquaculture:smallmouth_bass":4,"aquaculture:minnow":3,"minecraft:dirt":1,"aquaculture:bluegill":2,"minecraft:mutton":1,"minecraft:stone_pickaxe":1},"minecraft:killed":{"aquaculture:bluegill":7,"aquaculture:smallmouth_bass":4,"minecraft:creeper":1,"minecraft:sheep":1,"minecraft:skeleton":9,"aquaculture:minnow":4,"alexsmobs:crocodile":1,"minecraft:zombie":15,"alexsmobs:cockroach":2,"alexsmobs:leafcutter_ant":1,"aquaculture:brown_trout":2,"aquaculture:perch":10,"alexsmobs:fly":2,"aquaculture:carp":2,"minecraft:cow":3},"minecraft:killed_by":{"minecraft:player":2,"minecraft:skeleton":2},"minecraft:mined":{"farmersdelight:wild_carrots":7,"alexsmobs:leafcutter_anthill":1,"minecraft:torch":2,"minecraft:granite":6,"minecraft:grass_block":10,"minecraft:cobblestone":2,"minecraft:diorite":1,"minecraft:wall_torch":1,"minecraft:seagrass":2,"minecraft:tall_seagrass":1,"minecraft:iron_ore":6,"minecraft:birch_leaves":3,"minecraft:grass":7,"minecraft:oak_log":7,"minecraft:coal_ore":25,"minecraft:gravel":9,"minecraft:dirt":23,"minecraft:stone":184,"minecraft:oak_leaves":3}},"DataVersion":3465}