{"stats":{"minecraft:mined":{"alexsmobs:leafcutter_anthill":1,"farmersdelight:wild_carrots":7,"minecraft:torch":2,"minecraft:granite":6,"minecraft:grass_block":14,"minecraft:melon":12,"minecraft:cobblestone":2,"minecraft:diorite":1,"minecraft:wall_torch":1,"minecraft:seagrass":2,"minecraft:tall_seagrass":1,"minecraft:iron_ore":6,"minecraft:wheat":1,"minecraft:birch_leaves":3,"minecraft:grass":9,"minecraft:coal_ore":25,"minecraft:oak_log":7,"minecraft:gravel":9,"minecraft:dirt":27,"minecraft:stone":184,"minecraft:oak_leaves":3,"minecraft:fern":4},"minecraft:killed_by":{"minecraft:player":2,"minecraft:skeleton":2},"minecraft:killed":{"minecraft:pig":2,"aquaculture:bluegill":7,"minecraft:zombie_villager":1,"aquaculture:piranha":1,"minecraft:spider":1,"aquaculture:smallmouth_bass":4,"alexsmobs:seagull":1,"minecraft:creeper":4,"minecraft:skeleton":14,"minecraft:sheep":2,"aquaculture:minnow":4,"minecraft:zombie":20,"alexsmobs:crocodile":1,"alexsmobs:cockroach":2,"alexsmobs:leafcutter_ant":1,"minecraft:chicken":2,"aquaculture:brown_trout":2,"aquaculture:perch":10,"alexsmobs:fly":2,"alexsmobs:komodo_dragon":2,"aquaculture:carp":2,"minecraft:cow":3},"minecraft:crafted":{"minecraft:cooked_beef":4,"minecraft:oak_planks":24,"minecraft:crafting_table":1,"minecraft:wooden_pickaxe":1,"spartanweaponry:handle":4,"spartanweaponry:iron_katana":1,"minecraft:birch_planks":4,"minecraft:air":0,"minecraft:stick":24,"minecraft:iron_ingot":3,"minecraft:stone_pickaxe":2,"aquaculture:fish_fillet_cooked":20,"minecraft:white_bed":1,"minecraft:torch":40},"minecraft:used":{"minecraft:stone_sword":122,"minecraft:stone_pickaxe":235,"minecraft:chest":2,"minecraft:wooden_pickaxe":7,"minecraft:shield":31,"minecraft:cooked_salmon":3,"minecraft:rotten_flesh":3,"minecraft:torch":31,"minecraft:dirt":32,"minecraft:carrot":9,"spartanweaponry:iron_flanged_mace":22,"minecraft:white_bed":1,"spartanweaponry:iron_katana":142,"minecraft:granite":1,"minecraft:oak_log":1,"minecraft:apple":3,"minecraft:chicken":2,"minecraft:bread":4,"minecraft:melon_slice":54,"minecraft:gravel":5,"minecraft:cobblestone":17,"minecraft:beef":2,"minecraft:porkchop":2,"alexsmobs:animal_dictionary":1,"minecraft:egg":2,"minecraft:cooked_beef":3,"aquaculture:fish_fillet_cooked":5,"spartanweaponry:iron_scythe":19},"minecraft:custom":{"minecraft:interact_with_furnace":12,"spartanshields:shield_bash_hits":5,"minecraft:mob_kills":89,"minecraft:interact_with_crafting_table":12,"minecraft:open_barrel":3,"minecraft:leave_game":3,"minecraft:time_since_death":93855,"minecraft:sleep_in_bed":3,"minecraft:climb_one_cm":4755,"minecraft:waystone_activated":1,"minecraft:time_since_rest":3597,"minecraft:sprint_one_cm":389466,"minecraft:damage_taken":2613,"minecraft:walk_one_cm":438444,"minecraft:damage_blocked_by_shield":1055,"minecraft:drop":27,"minecraft:damage_dealt":10050,"minecraft:swim_one_cm":101122,"minecraft:talked_to_villager":6,"minecraft:fly_one_cm":549097,"minecraft:open_chest":52,"minecraft:play_time":135347,"minecraft:crouch_one_cm":18997,"minecraft:sneak_time":7756,"minecraft:deaths":4,"minecraft:walk_under_water_one_cm":35408,"minecraft:boat_one_cm":117641,"minecraft:jump":3155,"minecraft:walk_on_water_one_cm":27704,"minecraft:total_world_time":135347,"minecraft:fall_one_cm":90344},"minecraft:dropped":{"alexsmobs:maggot":2,"minecraft:porkchop":1,"minecraft:cooked_beef":1,"aquaculture:perch":7,"aquaculture:brown_trout":1,"aquaculture:smallmouth_bass":4,"minecraft:rotten_flesh":1,"aquaculture:minnow":3,"minecraft:dirt":19,"aquaculture:bluegill":2,"minecraft:mutton":2,"minecraft:stone_pickaxe":1},"minecraft:picked_up":{"minecraft:birch_log":1,"spartanweaponry:iron_warhammer":1,"minecraft:feather":1,"minecraft:chicken":2,"minecraft:leather":6,"minecraft:lead":3,"minecraft:wooden_pickaxe":2,"minecraft:oak_log":7,"minecraft:shield":2,"minecraft:gunpowder":4,"minecraft:dirt":88,"minecraft:cooked_salmon":4,"minecraft:bone":10,"minecraft:acacia_planks":1,"minecraft:bow":1,"minecraft:wheat_seeds":21,"aquaculture:bluegill":6,"alexsmobs:cockroach_wing_fragment":3,"minecraft:beef":12,"minecraft:stone_pickaxe":2,"aquaculture:minnow":4,"minecraft:melon_slice":60,"minecraft:chest":2,"minecraft:stone_hoe":1,"spartanweaponry:iron_flanged_mace":1,"minecraft:oak_planks":14,"aquaculture:smallmouth_bass":4,"minecraft:stick":32,"minecraft:raw_iron":10,"minecraft:torch":27,"aquaculture:piranha":1,"minecraft:gravel":16,"aquaculture:perch":10,"minecraft:porkchop":3,"minecraft:diorite":1,"minecraft:carrot":8,"alexsmobs:animal_dictionary":3,"alexsmobs:crocodile_scute":6,"minecraft:stone_sword":4,"minecraft:arrow":27,"minecraft:rotten_flesh":14,"aquaculture:brown_trout":2,"minecraft:granite":6,"minecraft:bone_meal":3,"aquaculture:carp":2,"alexsmobs:maggot":4,"minecraft:oak_sapling":2,"minecraft:mutton":2,"minecraft:coal":40,"minecraft:white_wool":2,"minecraft:cobblestone":313},"minecraft:broken":{"minecraft:stone_pickaxe":1}},"DataVersion":3465}