{"stats":{"minecraft:mined":{"farmersdelight:wild_carrots":11,"minecraft:crafting_table":1,"minecraft:grass":7,"minecraft:grass_block":14,"minecraft:dirt":10,"minecraft:tall_grass":3,"minecraft:stone":13},"minecraft:crafted":{"minecraft:oak_slab":324,"minecraft:oak_planks":164,"minecraft:crafting_table":2,"minecraft:wooden_pickaxe":1,"minecraft:stone_pickaxe":1,"minecraft:stone_sword":1,"minecraft:birch_planks":32,"minecraft:stone_axe":1},"minecraft:used":{"minecraft:stone_pickaxe":2,"minecraft:wooden_pickaxe":22,"dynamictrees:birch_seed":1,"dynamictrees:oak_seed":1,"minecraft:stone_axe":24,"minecraft:dirt":20,"minecraft:crafting_table":3,"minecraft:oak_slab":99,"minecraft:carrot":7},"minecraft:custom":{"minecraft:time_since_rest":15512,"minecraft:sprint_one_cm":24335,"minecraft:damage_taken":110,"minecraft:walk_one_cm":43278,"minecraft:interact_with_crafting_table":5,"minecraft:fly_one_cm":14151,"minecraft:crouch_one_cm":5795,"minecraft:play_time":15512,"minecraft:sneak_time":2825,"minecraft:walk_under_water_one_cm":2581,"minecraft:jump":185,"minecraft:time_since_death":15512,"minecraft:walk_on_water_one_cm":1239,"minecraft:total_world_time":15512,"minecraft:fall_one_cm":3496},"minecraft:picked_up":{"minecraft:birch_log":11,"minecraft:stick":71,"minecraft:crafting_table":1,"minecraft:oak_log":49,"minecraft:carrot":11,"minecraft:dirt":42,"minecraft:wheat_seeds":3,"waystones:waystone":1,"dynamictrees:birch_seed":3,"dynamictrees:oak_seed":3,"minecraft:cobblestone":13}},"DataVersion":3465}