{"stats":{"minecraft:crafted":{"minecraft:wooden_sword":2,"minecraft:oak_planks":236,"minecraft:fishing_rod":1,"minecraft:iron_nugget":9,"minecraft:furnace":2,"aquaculture:fish_fillet_raw":37,"minecraft:stone_pickaxe":2,"minecraft:chest":2,"aquaculture:fish_fillet_cooked":13,"alexsmobs:cooked_catfish":5,"minecraft:cooked_cod":3,"minecraft:crafting_table":3,"minecraft:wooden_pickaxe":1,"minecraft:iron_sword":1,"minecraft:bowl":4,"minecraft:cooked_salmon":8,"minecraft:birch_planks":20,"minecraft:stone_axe":2,"minecraft:air":0,"minecraft:oak_boat":2,"minecraft:charcoal":55,"minecraft:shield":2,"aquaculture:iron_hook":1,"minecraft:stick":26,"minecraft:iron_ingot":12,"minecraft:iron_pickaxe":1,"minecraft:wooden_axe":2,"aquaculture:stone_fillet_knife":1,"minecraft:stone_sword":1,"aquaculture:iron_fishing_rod":1,"minecraft:acacia_planks":4,"minecraft:torch":92,"minecraft:shears":1},"minecraft:picked_up":{"minecraft:wooden_axe":1,"minecraft:fishing_rod":1,"minecraft:charcoal":36,"minecraft:crafting_table":2,"minecraft:wooden_pickaxe":1,"minecraft:string":4,"minecraft:wooden_sword":1,"minecraft:pufferfish":3,"aquaculture:bluegill":3,"minecraft:birch_sapling":6,"minecraft:furnace":1,"minecraft:raw_iron":35,"minecraft:stick":41,"minecraft:acacia_log":1,"minecraft:torch":15,"minecraft:bowl":5,"aquaculture:perch":9,"minecraft:diorite":7,"minecraft:arrow":8,"minecraft:rotten_flesh":12,"aquaculture:brown_trout":2,"minecraft:saddle":1,"minecraft:cod":5,"aquaculture:tin_can":1,"minecraft:cobblestone":214,"minecraft:birch_log":20,"minecraft:cooked_beef":1,"minecraft:salmon":12,"minecraft:andesite":52,"minecraft:leather":1,"minecraft:oak_log":123,"minecraft:gunpowder":5,"minecraft:dirt":34,"minecraft:leather_boots":1,"minecraft:bone":8,"minecraft:acacia_planks":1,"minecraft:apple":2,"minecraft:bow":2,"minecraft:wheat_seeds":12,"alexsmobs:cockroach_wing_fragment":1,"minecraft:stone_pickaxe":1,"aquaculture:minnow":5,"minecraft:oak_planks":208,"biomesoplenty:toadstool":6,"aquaculture:smallmouth_bass":5,"minecraft:gravel":7,"alexsmobs:animal_dictionary":1,"alexsmobs:raw_catfish":6,"minecraft:stone_axe":1,"alexsmobs:maggot":6,"minecraft:oak_sapling":44,"minecraft:coal":136},"minecraft:broken":{"minecraft:stone_pickaxe":2,"minecraft:leather_boots":1,"minecraft:stone_axe":2,"minecraft:wooden_axe":1},"minecraft:custom":{"minecraft:mob_kills":44,"minecraft:interact_with_crafting_table":30,"minecraft:leave_game":2,"minecraft:time_since_death":45891,"minecraft:sprint_one_cm":278301,"minecraft:walk_one_cm":411381,"minecraft:damage_blocked_by_shield":610,"minecraft:drop":17,"minecraft:play_time":132603,"minecraft:deaths":2,"minecraft:sneak_time":2857,"minecraft:walk_under_water_one_cm":30861,"minecraft:boat_one_cm":94675,"minecraft:jump":1619,"minecraft:walk_on_water_one_cm":36842,"minecraft:total_world_time":132603,"spartanshields:shield_bash_hits":1,"minecraft:interact_with_furnace":35,"minecraft:time_since_rest":45922,"minecraft:damage_taken":1212,"minecraft:damage_dealt":5947,"minecraft:swim_one_cm":33265,"minecraft:fly_one_cm":158523,"minecraft:open_chest":10,"minecraft:crouch_one_cm":5188,"minecraft:fish_caught":15,"minecraft:fall_one_cm":28426},"minecraft:used":{"minecraft:stone_sword":5,"minecraft:chest":2,"minecraft:shield":18,"minecraft:iron_sword":30,"minecraft:cooked_salmon":2,"minecraft:torch":89,"minecraft:dirt":1,"minecraft:wooden_axe":59,"minecraft:bow":8,"minecraft:oak_sapling":42,"minecraft:furnace":3,"minecraft:cooked_cod":3,"minecraft:cooked_beef":1,"aquaculture:fish_fillet_cooked":6,"alexsmobs:cooked_catfish":5,"minecraft:stone_pickaxe":264,"minecraft:oak_planks":59,"minecraft:wooden_pickaxe":20,"minecraft:crafting_table":5,"minecraft:oak_log":2,"minecraft:apple":1,"minecraft:iron_pickaxe":56,"minecraft:stone_axe":196,"minecraft:fishing_rod":31,"minecraft:cobblestone":8,"aquaculture:stone_fillet_knife":21,"minecraft:birch_log":4,"alexsmobs:animal_dictionary":4,"minecraft:oak_boat":2},"minecraft:dropped":{"minecraft:apple":1,"minecraft:wooden_axe":2,"minecraft:cooked_salmon":6,"minecraft:wooden_sword":1,"minecraft:birch_log":1,"minecraft:acacia_planks":1,"minecraft:gravel":7,"minecraft:stone_sword":1,"minecraft:shears":1,"minecraft:shield":1,"minecraft:bow":1},"minecraft:killed":{"minecraft:spider":4,"minecraft:skeleton":6,"alexsmobs:leafcutter_ant":1,"alexsmobs:anteater":1,"minecraft:salmon":10,"minecraft:creeper":2,"alexsmobs:catfish":6,"alexsmobs:cockroach":1,"minecraft:zombie":8,"alexsmobs:terrapin":1,"alexsmobs:fly":1,"alexsmobs:crow":1},"minecraft:killed_by":{"alexsmobs:crocodile":1,"minecraft:zombie":1},"minecraft:mined":{"minecraft:acacia_log":1,"minecraft:grass_block":14,"minecraft:tall_seagrass":6,"minecraft:furnace":1,"biomesoplenty:toadstool":3,"minecraft:iron_ore":30,"minecraft:andesite":27,"minecraft:stone":128,"minecraft:crafting_table":1,"minecraft:torch":2,"minecraft:tall_grass":3,"minecraft:cobblestone":1,"minecraft:oak_planks":3,"minecraft:diorite":2,"minecraft:wall_torch":4,"minecraft:seagrass":1,"minecraft:birch_log":20,"minecraft:birch_leaves":4,"minecraft:grass":38,"minecraft:oak_log":107,"minecraft:coal_ore":137,"minecraft:gravel":5,"minecraft:dirt":13,"minecraft:oak_leaves":50}},"DataVersion":3465}