{"stats":{"minecraft:mined":{"minecraft:white_bed":3,"minecraft:farmland":9,"farmersdelight:wild_carrots":11,"minecraft:grass_block":220,"minecraft:kelp":2,"dynamictrees:oak_leaves":1,"minecraft:furnace":2,"minecraft:carrots":30,"minecraft:iron_ore":12,"biomesoplenty:high_grass":7,"minecraft:stone":67,"minecraft:oak_slab":11,"minecraft:kelp_plant":2,"minecraft:dandelion":1,"minecraft:crafting_table":3,"minecraft:torch":5,"minecraft:chest":2,"biomesoplenty:high_grass_plant":1,"minecraft:tall_grass":3,"minecraft:oak_planks":4,"minecraft:wall_torch":1,"minecraft:birch_planks":7,"minecraft:wheat":2,"dynamictrees:birch_leaves":4,"minecraft:yellow_bed":1,"minecraft:grass":39,"minecraft:coal_ore":39,"minecraft:gravel":1,"minecraft:dirt":124},"minecraft:custom":{"minecraft:mob_kills":77,"minecraft:interact_with_crafting_table":29,"minecraft:open_barrel":4,"minecraft:leave_game":1,"minecraft:time_since_death":21932,"minecraft:climb_one_cm":520,"minecraft:sprint_one_cm":348761,"minecraft:walk_one_cm":713892,"minecraft:damage_blocked_by_shield":1055,"minecraft:drop":16,"minecraft:play_time":168737,"minecraft:deaths":1,"minecraft:sneak_time":8727,"minecraft:walk_under_water_one_cm":28722,"minecraft:jump":1649,"minecraft:walk_on_water_one_cm":9674,"minecraft:total_world_time":168737,"minecraft:interact_with_furnace":51,"minecraft:sleep_in_bed":5,"minecraft:time_since_rest":10459,"minecraft:waystone_activated":5,"minecraft:damage_taken":1406,"minecraft:damage_dealt":11146,"minecraft:swim_one_cm":19679,"minecraft:fly_one_cm":214244,"minecraft:open_chest":48,"minecraft:crouch_one_cm":25215,"minecraft:fish_caught":8,"minecraft:fall_one_cm":30553},"minecraft:killed":{"minecraft:vindicator":1,"minecraft:spider":2,"aquaculture:smallmouth_bass":1,"alexsmobs:sugar_glider":1,"aquaculture:muskellunge":1,"minecraft:skeleton":13,"hmag:zombie_girl":1,"minecraft:chicken":8,"aquaculture:brown_trout":2,"aquaculture:perch":2,"minecraft:drowned":3,"alexsmobs:flying_fish":1,"aquaculture:carp":1,"hmag:ghost":6,"minecraft:pig":4,"minecraft:creeper":1,"aquaculture:minnow":1,"minecraft:zombie":14,"alexsmobs:fly":4,"minecraft:cow":8},"minecraft:broken":{"minecraft:stone_axe":2,"minecraft:stone_shovel":1},"minecraft:used":{"minecraft:stone_sword":68,"minecraft:stone_shovel":131,"minecraft:chest":5,"minecraft:shield":28,"dynamictrees:oak_seed":9,"minecraft:stone_hoe":36,"minecraft:cooked_chicken":4,"minecraft:torch":15,"minecraft:dirt":238,"minecraft:carrot":80,"aquaculture:iron_fishing_rod":22,"minecraft:iron_axe":42,"minecraft:oak_stairs":18,"dynamictrees:birch_seed":7,"minecraft:furnace":3,"minecraft:cooked_beef":1,"aquaculture:fish_fillet_cooked":7,"minecraft:wheat_seeds":2,"minecraft:water_bucket":10,"minecraft:birch_planks":58,"minecraft:stone_pickaxe":126,"minecraft:oak_planks":204,"minecraft:wooden_pickaxe":25,"minecraft:oak_slab":212,"minecraft:crafting_table":4,"minecraft:white_bed":2,"waystones:waystone":4,"minecraft:apple":18,"spartanweaponry:iron_saber":60,"minecraft:stone_axe":142,"minecraft:bucket":10,"minecraft:bone_meal":16},"minecraft:dropped":{"minecraft:oak_slab":64,"minecraft:wheat_seeds":5,"minecraft:cooked_beef":1,"minecraft:oak_log":41,"aquaculture:tin_can":1,"minecraft:feather":4,"minecraft:apple":1,"minecraft:gold_nugget":3,"minecraft:birch_log":2,"minecraft:rotten_flesh":2,"minecraft:white_bed":2,"minecraft:yellow_bed":1,"minecraft:spider_eye":1},"minecraft:killed_by":{"minecraft:creeper":1},"minecraft:crafted":{"minecraft:oak_planks":408,"minecraft:stone_shovel":1,"minecraft:cooked_chicken":4,"minecraft:furnace":1,"minecraft:bone_meal":18,"aquaculture:fish_fillet_raw":13,"minecraft:iron_axe":1,"minecraft:stone_pickaxe":1,"minecraft:chest":3,"aquaculture:fish_fillet_cooked":7,"minecraft:stone_hoe":1,"minecraft:cooked_beef":15,"minecraft:oak_slab":324,"minecraft:cooked_porkchop":7,"minecraft:crafting_table":2,"minecraft:wooden_pickaxe":1,"minecraft:bucket":2,"minecraft:birch_planks":88,"minecraft:stone_axe":2,"minecraft:air":0,"minecraft:charcoal":15,"minecraft:shield":1,"minecraft:iron_ingot":20,"minecraft:iron_pickaxe":1,"minecraft:oak_stairs":20,"aquaculture:stone_fillet_knife":1,"minecraft:stone_sword":1,"aquaculture:iron_fishing_rod":1,"minecraft:torch":24},"minecraft:picked_up":{"minecraft:fishing_rod":1,"minecraft:crafting_table":3,"minecraft:chicken":8,"minecraft:enchanted_book":1,"spartanweaponry:iron_katana":1,"minecraft:string":2,"aquaculture:muskellunge":1,"minecraft:beef":15,"dynamictrees:oak_seed":13,"minecraft:chest":2,"minecraft:phantom_membrane":1,"minecraft:furnace":2,"minecraft:stick":410,"minecraft:raw_iron":12,"minecraft:torch":6,"aquaculture:perch":2,"minecraft:porkchop":7,"minecraft:carrot":100,"minecraft:arrow":13,"minecraft:rotten_flesh":12,"aquaculture:brown_trout":2,"aquaculture:carp":1,"minecraft:cod":2,"aquaculture:tin_can":1,"alexsmobs:flying_fish":1,"minecraft:cobblestone":126,"aquaculture:lockbox":1,"minecraft:nautilus_shell":1,"minecraft:birch_log":41,"minecraft:feather":9,"minecraft:cooked_beef":2,"minecraft:salmon":3,"minecraft:leather":7,"minecraft:birch_planks":7,"minecraft:flint":1,"minecraft:oak_log":158,"minecraft:yellow_bed":1,"minecraft:dirt":391,"minecraft:white_banner":1,"minecraft:bone":16,"minecraft:apple":1,"minecraft:kelp":8,"minecraft:bow":2,"minecraft:wheat_seeds":13,"dynamictrees:birch_seed":10,"aquaculture:minnow":1,"minecraft:oak_planks":4,"aquaculture:atlantic_herring":1,"aquaculture:jellyfish":2,"minecraft:oak_slab":11,"aquaculture:smallmouth_bass":1,"spartanweaponry:iron_saber":1,"hmag:soul_powder":7,"aquaculture:red_grouper":1,"minecraft:white_bed":4,"minecraft:spider_eye":1,"waystones:waystone":5,"alexsmobs:maggot":4,"minecraft:coal":39}},"DataVersion":3465}