{"stats":{"minecraft:mined":{"farmersdelight:wild_carrots":2,"minecraft:granite":1,"minecraft:acacia_log":1,"minecraft:grass_block":16,"minecraft:kelp":1,"minecraft:sandstone":9,"minecraft:tall_seagrass":6,"minecraft:raw_iron_block":1,"aquaculture:tackle_box":1,"minecraft:furnace":1,"minecraft:raw_gold_block":1,"biomesoplenty:toadstool":3,"minecraft:iron_ore":47,"minecraft:acacia_wood":1,"minecraft:andesite":27,"minecraft:deepslate_iron_ore":3,"minecraft:stone":175,"minecraft:kelp_plant":2,"minecraft:crafting_table":1,"minecraft:torch":5,"minecraft:emerald_ore":1,"minecraft:melon":24,"minecraft:glass":1,"minecraft:tall_grass":3,"minecraft:cobblestone":17,"minecraft:oak_planks":7,"minecraft:diorite":2,"minecraft:wall_torch":8,"minecraft:seagrass":1,"minecraft:birch_log":20,"minecraft:birch_leaves":4,"minecraft:grass":57,"minecraft:oak_log":110,"minecraft:coal_ore":190,"minecraft:gravel":5,"minecraft:sand":19,"minecraft:dirt":13,"minecraft:oak_leaves":70,"minecraft:deepslate":2,"minecraft:fern":7},"minecraft:killed_by":{"alexsmobs:crocodile":1,"minecraft:zombie":2},"minecraft:killed":{"alexsmobs:lobster":3,"alexsmobs:raccoon":1,"minecraft:spider":6,"minecraft:skeleton":9,"hmag:zombie_girl":1,"alexsmobs:blue_jay":1,"alexsmobs:leafcutter_ant":1,"minecraft:chicken":3,"minecraft:pig":10,"alexsmobs:anteater":1,"minecraft:salmon":10,"minecraft:creeper":2,"minecraft:sheep":4,"alexsmobs:catfish":6,"minecraft:zombie":14,"alexsmobs:cockroach":1,"alexsmobs:terrapin":1,"alexsmobs:fly":2,"alexsmobs:crow":1,"minecraft:cow":5},"minecraft:crafted":{"minecraft:wooden_sword":2,"minecraft:oak_planks":248,"minecraft:fishing_rod":1,"minecraft:iron_nugget":9,"minecraft:cooked_chicken":3,"minecraft:furnace":3,"minecraft:cooked_mutton":8,"aquaculture:fish_fillet_raw":37,"minecraft:glass":19,"travelersbackpack:white_sleeping_bag":1,"minecraft:stone_pickaxe":2,"minecraft:chest":7,"aquaculture:fish_fillet_cooked":13,"alexsmobs:cooked_catfish":5,"minecraft:cooked_beef":9,"minecraft:cooked_cod":3,"minecraft:cooked_porkchop":2,"minecraft:crafting_table":5,"aquaculture:tackle_box":1,"travelersbackpack:backpack_tank":3,"minecraft:wooden_pickaxe":1,"minecraft:iron_sword":1,"minecraft:bowl":4,"minecraft:cooked_salmon":8,"minecraft:birch_planks":20,"minecraft:stone_axe":2,"minecraft:air":0,"minecraft:oak_boat":3,"minecraft:charcoal":55,"minecraft:shield":2,"aquaculture:iron_hook":1,"minecraft:stick":30,"minecraft:iron_ingot":40,"minecraft:iron_pickaxe":1,"minecraft:wooden_axe":2,"aquaculture:stone_fillet_knife":1,"minecraft:stone_sword":1,"minecraft:iron_block":1,"aquaculture:iron_fishing_rod":1,"minecraft:acacia_planks":8,"minecraft:torch":108,"minecraft:shears":2},"minecraft:used":{"minecraft:stone_sword":5,"minecraft:chest":3,"minecraft:shield":20,"minecraft:iron_sword":152,"minecraft:cooked_salmon":2,"minecraft:torch":108,"minecraft:dirt":3,"minecraft:carrot":4,"spartanweaponry:iron_longbow":6,"minecraft:glass":1,"minecraft:wooden_axe":59,"aquaculture:iron_fishing_rod":4,"minecraft:bow":8,"minecraft:oak_sapling":42,"minecraft:furnace":4,"minecraft:cooked_cod":3,"minecraft:cooked_beef":7,"aquaculture:fish_fillet_cooked":13,"minecraft:cobbled_deepslate":2,"minecraft:cooked_mutton":2,"alexsmobs:cooked_catfish":5,"minecraft:water_bucket":1,"aquaculture:tackle_box":2,"minecraft:stone_pickaxe":264,"minecraft:oak_planks":63,"minecraft:wooden_pickaxe":20,"minecraft:sandstone":8,"spartanweaponry:wooden_longbow":7,"minecraft:crafting_table":7,"minecraft:oak_log":2,"minecraft:apple":1,"minecraft:melon_slice":37,"minecraft:iron_pickaxe":215,"minecraft:stone_axe":196,"minecraft:fishing_rod":31,"minecraft:cobblestone":56,"minecraft:cooked_porkchop":1,"aquaculture:stone_fillet_knife":21,"minecraft:birch_log":4,"minecraft:oak_boat":5,"alexsmobs:animal_dictionary":4},"minecraft:custom":{"minecraft:interact_with_smithing_table":1,"minecraft:mob_kills":87,"minecraft:interact_with_crafting_table":58,"minecraft:open_barrel":6,"minecraft:bell_ring":5,"minecraft:leave_game":3,"minecraft:time_since_death":28240,"minecraft:climb_one_cm":3819,"minecraft:sprint_one_cm":770854,"minecraft:walk_one_cm":697281,"minecraft:damage_blocked_by_shield":665,"minecraft:drop":31,"minecraft:talked_to_villager":1,"minecraft:play_time":242200,"minecraft:deaths":3,"minecraft:sneak_time":5461,"minecraft:walk_under_water_one_cm":35594,"minecraft:boat_one_cm":623646,"minecraft:jump":2927,"minecraft:walk_on_water_one_cm":49880,"minecraft:total_world_time":242200,"spartanshields:shield_bash_hits":1,"minecraft:interact_with_furnace":61,"minecraft:interact_with_loom":1,"minecraft:interact_with_grindstone":1,"minecraft:time_since_rest":28266,"minecraft:damage_taken":2305,"minecraft:damage_dealt":10632,"minecraft:swim_one_cm":48492,"minecraft:fly_one_cm":366314,"minecraft:open_chest":70,"minecraft:crouch_one_cm":16726,"minecraft:interact_with_smoker":1,"minecraft:fish_caught":18,"minecraft:fall_one_cm":62953},"minecraft:dropped":{"minecraft:iron_sword":1,"aquaculture:tin_can":1,"minecraft:cobblestone":21,"minecraft:apple":1,"minecraft:granite":1,"minecraft:cod":1,"minecraft:wooden_axe":2,"minecraft:cooked_salmon":6,"minecraft:wooden_sword":1,"minecraft:birch_log":1,"minecraft:white_wool":4,"minecraft:acacia_planks":1,"minecraft:gravel":7,"minecraft:iron_nugget":5,"minecraft:stone_sword":1,"minecraft:bowl":2,"minecraft:oak_planks":12,"minecraft:shears":1,"minecraft:shield":1,"minecraft:gunpowder":1,"minecraft:chest":2,"minecraft:bow":1},"minecraft:picked_up":{"minecraft:wooden_axe":1,"minecraft:fishing_rod":1,"minecraft:charcoal":36,"minecraft:crafting_table":2,"minecraft:chicken":3,"minecraft:wooden_pickaxe":1,"minecraft:string":4,"minecraft:wooden_sword":1,"minecraft:item_frame":1,"minecraft:pufferfish":4,"aquaculture:bluegill":4,"minecraft:cobbled_deepslate":2,"minecraft:beef":12,"minecraft:oak_boat":2,"minecraft:iron_pickaxe":1,"minecraft:melon_slice":108,"minecraft:birch_sapling":6,"minecraft:furnace":1,"minecraft:sandstone":9,"minecraft:stick":41,"minecraft:raw_iron":55,"minecraft:raw_gold_block":1,"minecraft:acacia_log":1,"minecraft:torch":22,"minecraft:bowl":6,"aquaculture:perch":9,"minecraft:porkchop":26,"minecraft:diorite":7,"minecraft:carrot":2,"minecraft:arrow":11,"minecraft:rotten_flesh":15,"aquaculture:brown_trout":2,"minecraft:saddle":1,"minecraft:mutton":7,"minecraft:cod":5,"aquaculture:tin_can":1,"alexsmobs:lobster_tail":2,"minecraft:white_wool":23,"minecraft:cobblestone":280,"minecraft:feather":2,"minecraft:birch_log":20,"minecraft:clock":1,"minecraft:cooked_beef":1,"aquaculture:tackle_box":1,"minecraft:andesite":54,"minecraft:salmon":13,"minecraft:leather":5,"minecraft:acacia_wood":1,"minecraft:oak_log":126,"minecraft:gunpowder":5,"minecraft:dirt":36,"minecraft:leather_boots":1,"minecraft:bone":9,"minecraft:acacia_planks":1,"minecraft:apple":2,"minecraft:kelp":15,"minecraft:bow":2,"minecraft:wheat_seeds":14,"alexsmobs:cockroach_wing_fragment":1,"minecraft:stone_pickaxe":1,"aquaculture:minnow":5,"minecraft:iron_sword":1,"minecraft:oak_planks":230,"biomesoplenty:toadstool":6,"aquaculture:smallmouth_bass":5,"minecraft:raw_iron_block":1,"minecraft:gravel":7,"minecraft:sand":19,"aquaculture:red_grouper":1,"minecraft:ink_sac":19,"minecraft:spider_eye":1,"spartanweaponry:iron_battle_hammer":1,"alexsmobs:animal_dictionary":1,"alexsmobs:raw_catfish":6,"minecraft:stone_axe":1,"minecraft:granite":1,"minecraft:emerald":1,"alexsmobs:maggot":8,"minecraft:oak_sapling":44,"minecraft:coal":189},"minecraft:broken":{"minecraft:stone_pickaxe":2,"minecraft:leather_boots":1,"minecraft:stone_axe":2,"minecraft:wooden_axe":1}},"DataVersion":3465}