{"stats":{"minecraft:mined":{"biomesoplenty:orange_autumn_leaves":2,"minecraft:white_bed":5,"minecraft:farmland":9,"farmersdelight:wild_carrots":12,"minecraft:dark_oak_log":36,"minecraft:brewing_stand":1,"minecraft:carved_pumpkin":4,"minecraft:grass_block":225,"minecraft:kelp":2,"dynamictrees:oak_leaves":1,"minecraft:furnace":3,"minecraft:carrots":33,"farmersdelight:wild_rice":10,"minecraft:iron_ore":16,"minecraft:pumpkin":21,"biomesoplenty:high_grass":229,"minecraft:stone":85,"minecraft:oak_slab":11,"minecraft:kelp_plant":2,"minecraft:dandelion":1,"minecraft:crafting_table":4,"minecraft:torch":5,"minecraft:sponge":1,"minecraft:chest":2,"biomesoplenty:high_grass_plant":603,"minecraft:tall_grass":48,"biomesoplenty:sprout":1,"biomesoplenty:huge_clover_petal":1,"minecraft:oak_planks":4,"minecraft:wall_torch":1,"minecraft:birch_planks":7,"minecraft:sea_pickle":1,"minecraft:sweet_berry_bush":4,"minecraft:wheat":3,"biomesoplenty:pink_daffodil":7,"biomesoplenty:maple_leaves":2,"dynamictrees:birch_leaves":4,"minecraft:yellow_bed":1,"minecraft:grass":727,"biomesoplenty:clover":5,"minecraft:oak_log":53,"minecraft:coal_ore":90,"minecraft:gravel":1,"minecraft:dirt":126,"minecraft:polished_andesite":1},"minecraft:custom":{"minecraft:mob_kills":93,"minecraft:interact_with_crafting_table":36,"minecraft:open_barrel":21,"minecraft:bell_ring":24,"minecraft:leave_game":1,"minecraft:time_since_death":112289,"minecraft:climb_one_cm":3193,"minecraft:sprint_one_cm":830507,"minecraft:walk_one_cm":1150092,"minecraft:damage_blocked_by_shield":1485,"minecraft:drop":29,"minecraft:raid_win":1,"minecraft:play_time":282737,"minecraft:deaths":2,"minecraft:sneak_time":9688,"minecraft:walk_under_water_one_cm":44992,"minecraft:jump":3578,"minecraft:walk_on_water_one_cm":28556,"minecraft:total_world_time":282737,"minecraft:interact_with_furnace":56,"minecraft:sleep_in_bed":13,"minecraft:time_since_rest":1137,"minecraft:waystone_activated":7,"minecraft:damage_taken":2647,"minecraft:damage_dealt":14098,"minecraft:swim_one_cm":102390,"minecraft:fly_one_cm":581708,"minecraft:open_chest":93,"minecraft:crouch_one_cm":28985,"minecraft:fish_caught":19,"minecraft:fall_one_cm":82762},"minecraft:killed":{"minecraft:vindicator":3,"minecraft:spider":2,"aquaculture:smallmouth_bass":1,"minecraft:cod":2,"alexsmobs:seagull":2,"alexsmobs:sugar_glider":1,"aquaculture:muskellunge":1,"minecraft:skeleton":15,"hmag:zombie_girl":1,"minecraft:chicken":8,"aquaculture:brown_trout":2,"aquaculture:perch":2,"minecraft:drowned":3,"alexsmobs:flying_fish":1,"aquaculture:carp":1,"hmag:ghost":7,"minecraft:pig":4,"minecraft:creeper":1,"minecraft:pillager":1,"aquaculture:minnow":1,"minecraft:zombie":20,"alexsmobs:fly":4,"minecraft:cow":8},"minecraft:broken":{"minecraft:stone_pickaxe":1,"minecraft:iron_axe":1,"minecraft:stone_axe":2,"minecraft:stone_shovel":1},"minecraft:used":{"minecraft:rose_bush":1,"minecraft:stone_sword":100,"minecraft:stone_shovel":131,"minecraft:chest":10,"minecraft:shield":37,"dynamictrees:oak_seed":12,"minecraft:stone_hoe":70,"minecraft:cooked_chicken":4,"minecraft:torch":32,"minecraft:dirt":247,"minecraft:carrot":133,"aquaculture:iron_fishing_rod":38,"minecraft:iron_axe":205,"minecraft:oak_stairs":18,"dynamictrees:birch_seed":7,"minecraft:bow":11,"minecraft:sweet_berries":36,"minecraft:furnace":4,"minecraft:cooked_beef":14,"aquaculture:fish_fillet_cooked":7,"minecraft:wheat_seeds":2,"minecraft:water_bucket":12,"minecraft:birch_planks":58,"minecraft:stone_pickaxe":128,"minecraft:oak_planks":204,"minecraft:wooden_pickaxe":25,"minecraft:cookie":5,"minecraft:oak_slab":212,"minecraft:crafting_table":5,"minecraft:white_bed":3,"waystones:waystone":5,"minecraft:apple":21,"spartanweaponry:iron_saber":71,"minecraft:iron_pickaxe":76,"minecraft:stone_axe":142,"minecraft:bucket":12,"minecraft:bone_meal":16},"minecraft:dropped":{"minecraft:oak_slab":64,"minecraft:wheat_seeds":5,"minecraft:cooked_beef":1,"minecraft:oak_log":41,"aquaculture:tin_can":1,"minecraft:feather":5,"minecraft:cobblestone":48,"minecraft:apple":1,"minecraft:coal":2,"farmersdelight:rice":1,"minecraft:polished_andesite":1,"minecraft:gold_nugget":3,"minecraft:string":1,"minecraft:birch_log":2,"minecraft:bucket":1,"minecraft:rotten_flesh":5,"minecraft:white_bed":2,"minecraft:pumpkin_seeds":3,"minecraft:yellow_bed":1,"minecraft:oak_sapling":1,"minecraft:oak_boat":2,"minecraft:spider_eye":1},"minecraft:killed_by":{"minecraft:creeper":1,"minecraft:vindicator":1},"minecraft:crafted":{"minecraft:oak_planks":468,"minecraft:stone_shovel":1,"minecraft:cooked_chicken":4,"minecraft:furnace":2,"minecraft:bone_meal":18,"aquaculture:fish_fillet_raw":13,"minecraft:iron_axe":2,"minecraft:stone_pickaxe":1,"minecraft:chest":8,"aquaculture:fish_fillet_cooked":7,"minecraft:stone_hoe":1,"minecraft:cooked_beef":15,"minecraft:oak_slab":324,"minecraft:cooked_porkchop":7,"minecraft:crafting_table":3,"minecraft:wooden_pickaxe":1,"minecraft:iron_helmet":1,"minecraft:bucket":2,"minecraft:birch_planks":88,"minecraft:stone_axe":2,"minecraft:air":0,"minecraft:oak_boat":1,"minecraft:charcoal":15,"minecraft:shield":1,"minecraft:stick":4,"minecraft:iron_ingot":24,"minecraft:iron_pickaxe":1,"minecraft:oak_stairs":20,"aquaculture:stone_fillet_knife":1,"minecraft:stone_sword":1,"aquaculture:iron_fishing_rod":1,"minecraft:torch":44},"minecraft:picked_up":{"minecraft:fishing_rod":1,"minecraft:crafting_table":4,"minecraft:wheat":1,"minecraft:chicken":8,"biomesoplenty:orange_autumn_sapling":3,"minecraft:enchanted_book":1,"minecraft:brewing_stand":1,"spartanweaponry:iron_katana":1,"minecraft:string":6,"aquaculture:muskellunge":2,"minecraft:beef":15,"minecraft:oak_boat":2,"minecraft:rose_bush":1,"dynamictrees:oak_seed":16,"minecraft:chest":2,"minecraft:phantom_membrane":1,"minecraft:furnace":3,"minecraft:stick":448,"minecraft:raw_iron":16,"minecraft:torch":6,"aquaculture:perch":4,"minecraft:porkchop":7,"minecraft:carrot":115,"minecraft:arrow":14,"minecraft:rotten_flesh":20,"aquaculture:brown_trout":2,"minecraft:carved_pumpkin":4,"aquaculture:carp":1,"minecraft:cod":9,"aquaculture:tin_can":1,"minecraft:sponge":1,"alexsmobs:flying_fish":1,"minecraft:cobblestone":240,"aquaculture:lockbox":1,"minecraft:nautilus_shell":1,"minecraft:birch_log":59,"minecraft:feather":10,"minecraft:cooked_beef":2,"farmersdelight:rice":11,"minecraft:salmon":4,"minecraft:leather":7,"minecraft:potato":1,"minecraft:birch_planks":7,"minecraft:flint":1,"minecraft:oak_log":226,"minecraft:yellow_bed":1,"minecraft:dirt":414,"minecraft:white_banner":2,"minecraft:bone":20,"minecraft:apple":3,"minecraft:kelp":8,"minecraft:bow":2,"minecraft:wheat_seeds":64,"dynamictrees:birch_seed":10,"aquaculture:minnow":1,"minecraft:oak_planks":5,"aquaculture:atlantic_herring":5,"aquaculture:jellyfish":2,"minecraft:oak_slab":11,"aquaculture:smallmouth_bass":1,"spartanweaponry:iron_saber":1,"minecraft:pumpkin":21,"minecraft:sweet_berries":75,"hmag:soul_powder":9,"aquaculture:red_grouper":1,"minecraft:white_bed":6,"minecraft:dark_oak_log":36,"minecraft:spider_eye":1,"minecraft:polished_andesite":1,"biomesoplenty:maple_sapling":2,"waystones:waystone":7,"aquaculture:box":1,"alexsmobs:maggot":4,"biomesoplenty:pink_daffodil":6,"minecraft:coal":92}},"DataVersion":3465}