{"stats":{"minecraft:mined":{"farmersdelight:wild_carrots":2,"minecraft:granite":1,"minecraft:acacia_log":1,"minecraft:grass_block":16,"minecraft:kelp":1,"minecraft:sandstone":9,"minecraft:tall_seagrass":6,"minecraft:raw_iron_block":1,"aquaculture:tackle_box":1,"minecraft:furnace":2,"minecraft:raw_gold_block":1,"biomesoplenty:toadstool":3,"minecraft:iron_ore":47,"minecraft:acacia_wood":1,"minecraft:andesite":27,"minecraft:deepslate_iron_ore":3,"minecraft:stone":175,"minecraft:kelp_plant":2,"minecraft:crafting_table":2,"minecraft:torch":5,"minecraft:emerald_ore":1,"minecraft:melon":24,"minecraft:chest":1,"minecraft:rose_bush":4,"minecraft:glass":1,"minecraft:tall_grass":3,"minecraft:cobblestone":17,"minecraft:oak_planks":7,"minecraft:diorite":2,"minecraft:wall_torch":8,"farmersdelight:wild_beetroots":3,"minecraft:seagrass":1,"biomesoplenty:mahogany_log":1,"minecraft:birch_log":20,"minecraft:birch_leaves":4,"minecraft:grass":65,"minecraft:oak_log":110,"minecraft:coal_ore":190,"minecraft:gravel":5,"minecraft:sand":19,"minecraft:dirt":13,"minecraft:oak_leaves":71,"minecraft:deepslate":2,"minecraft:fern":13},"minecraft:killed_by":{"alexsmobs:crocodile":1,"minecraft:zombie":2},"minecraft:killed":{"alexsmobs:lobster":3,"alexsmobs:raccoon":1,"minecraft:spider":11,"minecraft:skeleton":12,"hmag:zombie_girl":1,"alexsmobs:blue_jay":1,"alexsmobs:leafcutter_ant":1,"minecraft:chicken":3,"hmag:ghost":4,"minecraft:pig":10,"alexsmobs:anteater":1,"minecraft:salmon":10,"aquaculture:jellyfish":1,"minecraft:creeper":2,"minecraft:sheep":4,"alexsmobs:catfish":6,"minecraft:zombie":17,"alexsmobs:cockroach":1,"alexsmobs:terrapin":1,"alexsmobs:fly":2,"alexsmobs:crow":1,"minecraft:cow":5},"minecraft:crafted":{"minecraft:black_dye":19,"minecraft:wooden_sword":2,"minecraft:oak_planks":248,"minecraft:raw_iron":9,"minecraft:fishing_rod":1,"minecraft:iron_nugget":9,"minecraft:cooked_chicken":3,"minecraft:furnace":3,"minecraft:cooked_mutton":8,"aquaculture:fish_fillet_raw":40,"minecraft:glass":19,"travelersbackpack:white_sleeping_bag":1,"minecraft:iron_axe":1,"minecraft:slime_ball":1,"minecraft:stone_pickaxe":2,"minecraft:chest":9,"aquaculture:fish_fillet_cooked":13,"alexsmobs:cooked_catfish":5,"minecraft:cooked_beef":12,"minecraft:cooked_cod":3,"farmersdelight:cooked_mutton_chops":3,"minecraft:cooked_porkchop":14,"alexsmobs:cooked_lobster_tail":2,"minecraft:crafting_table":5,"aquaculture:tackle_box":1,"travelersbackpack:backpack_tank":3,"minecraft:wooden_pickaxe":1,"travelersbackpack:standard":1,"minecraft:iron_sword":1,"minecraft:bowl":4,"minecraft:cooked_salmon":11,"minecraft:birch_planks":20,"minecraft:stone_axe":2,"farmersdelight:beef_patty":11,"minecraft:air":0,"minecraft:oak_boat":3,"minecraft:charcoal":55,"minecraft:shield":2,"minecraft:raw_gold":9,"aquaculture:iron_hook":1,"minecraft:stick":30,"minecraft:iron_ingot":62,"minecraft:iron_pickaxe":1,"minecraft:wooden_axe":2,"aquaculture:stone_fillet_knife":1,"minecraft:stone_sword":1,"minecraft:iron_block":1,"minecraft:gold_ingot":3,"aquaculture:iron_fishing_rod":1,"minecraft:white_bed":1,"minecraft:acacia_planks":8,"minecraft:torch":108,"minecraft:shears":2},"minecraft:used":{"minecraft:stone_sword":5,"minecraft:chest":6,"minecraft:shield":31,"minecraft:iron_sword":229,"minecraft:cooked_salmon":2,"minecraft:torch":108,"minecraft:dirt":3,"minecraft:carrot":4,"spartanweaponry:iron_longbow":6,"minecraft:glass":1,"minecraft:wooden_axe":59,"aquaculture:iron_fishing_rod":9,"minecraft:iron_axe":1,"minecraft:item_frame":1,"minecraft:bow":8,"minecraft:oak_sapling":42,"minecraft:furnace":4,"minecraft:cooked_cod":3,"minecraft:cooked_beef":10,"aquaculture:fish_fillet_cooked":13,"minecraft:cobbled_deepslate":2,"minecraft:cooked_mutton":2,"alexsmobs:cooked_catfish":5,"minecraft:water_bucket":1,"aquaculture:tackle_box":2,"minecraft:stone_pickaxe":264,"minecraft:oak_planks":63,"minecraft:wooden_pickaxe":20,"minecraft:sandstone":8,"spartanweaponry:wooden_longbow":7,"minecraft:crafting_table":7,"minecraft:white_bed":1,"minecraft:oak_log":2,"minecraft:apple":1,"minecraft:melon_slice":37,"minecraft:iron_pickaxe":219,"minecraft:stone_axe":196,"minecraft:fishing_rod":31,"minecraft:cobblestone":56,"travelersbackpack:standard":1,"minecraft:cooked_porkchop":6,"aquaculture:stone_fillet_knife":21,"minecraft:birch_log":4,"minecraft:oak_boat":5,"alexsmobs:animal_dictionary":4},"minecraft:custom":{"minecraft:interact_with_smithing_table":1,"minecraft:mob_kills":108,"minecraft:interact_with_crafting_table":68,"minecraft:open_barrel":11,"minecraft:bell_ring":5,"minecraft:leave_game":3,"minecraft:time_since_death":76240,"minecraft:climb_one_cm":6970,"minecraft:sprint_one_cm":942277,"minecraft:walk_one_cm":794871,"minecraft:damage_blocked_by_shield":960,"minecraft:drop":34,"minecraft:talked_to_villager":1,"minecraft:play_time":290200,"minecraft:deaths":3,"minecraft:sneak_time":5533,"minecraft:walk_under_water_one_cm":43137,"minecraft:boat_one_cm":684525,"minecraft:jump":3606,"minecraft:walk_on_water_one_cm":59741,"minecraft:total_world_time":290200,"spartanshields:shield_bash_hits":1,"minecraft:interact_with_furnace":84,"minecraft:interact_with_loom":1,"minecraft:interact_with_grindstone":1,"minecraft:sleep_in_bed":1,"minecraft:waystone_activated":1,"minecraft:time_since_rest":5036,"minecraft:damage_taken":2815,"minecraft:damage_dealt":13938,"minecraft:swim_one_cm":67035,"minecraft:fly_one_cm":499759,"minecraft:open_chest":123,"minecraft:crouch_one_cm":16962,"minecraft:interact_with_smoker":1,"minecraft:fish_caught":20,"minecraft:fall_one_cm":77035},"minecraft:dropped":{"minecraft:iron_sword":1,"aquaculture:tin_can":1,"minecraft:cobblestone":21,"minecraft:apple":1,"minecraft:granite":1,"minecraft:cod":1,"minecraft:pufferfish":1,"minecraft:wooden_axe":2,"minecraft:cooked_salmon":6,"minecraft:wooden_sword":1,"minecraft:birch_log":1,"minecraft:white_wool":4,"minecraft:acacia_planks":1,"minecraft:gravel":7,"minecraft:iron_nugget":5,"minecraft:stone_sword":1,"minecraft:bowl":2,"minecraft:rotten_flesh":3,"minecraft:oak_planks":12,"minecraft:shears":1,"minecraft:shield":1,"minecraft:gunpowder":1,"aquaculture:bluegill":1,"minecraft:chest":2,"minecraft:bow":1},"minecraft:picked_up":{"minecraft:wooden_axe":1,"minecraft:fishing_rod":1,"minecraft:charcoal":36,"minecraft:crafting_table":3,"minecraft:chicken":3,"minecraft:wooden_pickaxe":1,"minecraft:string":9,"minecraft:wooden_sword":1,"minecraft:item_frame":1,"minecraft:pufferfish":4,"aquaculture:bluegill":4,"minecraft:cobbled_deepslate":2,"minecraft:beef":12,"minecraft:oak_boat":4,"minecraft:rose_bush":1,"minecraft:iron_pickaxe":1,"minecraft:melon_slice":108,"minecraft:chest":1,"minecraft:birch_sapling":6,"minecraft:furnace":2,"minecraft:sandstone":9,"minecraft:stick":41,"minecraft:raw_iron":55,"minecraft:raw_gold_block":1,"minecraft:acacia_log":1,"minecraft:torch":22,"minecraft:bowl":6,"aquaculture:perch":9,"minecraft:porkchop":26,"minecraft:diorite":7,"minecraft:carrot":2,"minecraft:arrow":13,"minecraft:rotten_flesh":17,"minecraft:beetroot_seeds":3,"aquaculture:brown_trout":2,"minecraft:saddle":1,"minecraft:gold_ingot":6,"minecraft:mutton":7,"minecraft:cod":5,"aquaculture:tin_can":1,"alexsmobs:lobster_tail":2,"minecraft:white_wool":23,"minecraft:cobblestone":280,"minecraft:feather":2,"minecraft:birch_log":20,"minecraft:clock":1,"minecraft:cooked_beef":1,"aquaculture:tackle_box":1,"minecraft:andesite":54,"minecraft:salmon":15,"minecraft:leather":5,"minecraft:acacia_wood":1,"minecraft:oak_log":126,"minecraft:gunpowder":5,"minecraft:dirt":54,"minecraft:leather_boots":1,"minecraft:bone":12,"minecraft:acacia_planks":1,"minecraft:apple":2,"minecraft:kelp":15,"minecraft:bow":2,"minecraft:wheat_seeds":15,"alexsmobs:cockroach_wing_fragment":1,"minecraft:stone_pickaxe":1,"aquaculture:minnow":5,"minecraft:iron_sword":1,"minecraft:oak_planks":230,"aquaculture:jellyfish":1,"biomesoplenty:toadstool":6,"aquaculture:smallmouth_bass":5,"hmag:soul_powder":6,"minecraft:raw_iron_block":1,"minecraft:gravel":7,"minecraft:sand":19,"aquaculture:red_grouper":1,"minecraft:ink_sac":19,"minecraft:spider_eye":3,"spartanweaponry:iron_battle_hammer":1,"alexsmobs:animal_dictionary":1,"biomesoplenty:mahogany_log":1,"alexsmobs:raw_catfish":6,"minecraft:stone_axe":1,"minecraft:granite":1,"minecraft:emerald":1,"alexsmobs:maggot":8,"minecraft:oak_sapling":44,"minecraft:coal":226},"minecraft:broken":{"minecraft:stone_pickaxe":2,"minecraft:leather_boots":1,"minecraft:stone_axe":2,"minecraft:wooden_axe":1}},"DataVersion":3465}