{"stats":{"minecraft:mined":{"minecraft:oak_slab":11,"farmersdelight:wild_carrots":11,"minecraft:dandelion":1,"minecraft:torch":1,"minecraft:crafting_table":2,"minecraft:grass_block":74,"minecraft:tall_grass":3,"dynamictrees:oak_leaves":1,"minecraft:birch_planks":7,"minecraft:carrots":3,"minecraft:iron_ore":8,"dynamictrees:birch_leaves":4,"minecraft:grass":25,"minecraft:coal_ore":17,"minecraft:gravel":1,"minecraft:dirt":41,"minecraft:stone":44},"minecraft:killed":{"hmag:ghost":3,"minecraft:spider":1,"aquaculture:smallmouth_bass":1,"aquaculture:muskellunge":1,"minecraft:skeleton":10,"aquaculture:minnow":1,"minecraft:zombie":8,"minecraft:chicken":4,"aquaculture:brown_trout":2,"aquaculture:perch":2,"alexsmobs:fly":2,"aquaculture:carp":1},"minecraft:crafted":{"minecraft:oak_planks":196,"minecraft:oak_slab":324,"minecraft:crafting_table":2,"minecraft:wooden_pickaxe":1,"minecraft:cooked_chicken":4,"minecraft:furnace":1,"minecraft:bucket":2,"minecraft:birch_planks":88,"minecraft:stone_axe":2,"minecraft:air":0,"aquaculture:fish_fillet_raw":13,"minecraft:charcoal":15,"minecraft:shield":1,"minecraft:iron_ingot":16,"minecraft:stone_pickaxe":1,"aquaculture:stone_fillet_knife":1,"minecraft:stone_sword":1,"minecraft:chest":2,"aquaculture:iron_fishing_rod":1,"aquaculture:fish_fillet_cooked":7,"minecraft:stone_hoe":1},"minecraft:custom":{"minecraft:interact_with_furnace":32,"minecraft:mob_kills":37,"minecraft:interact_with_crafting_table":20,"minecraft:time_since_death":75512,"minecraft:climb_one_cm":96,"minecraft:time_since_rest":75512,"minecraft:waystone_activated":1,"minecraft:sprint_one_cm":107605,"minecraft:damage_taken":569,"minecraft:walk_one_cm":305374,"minecraft:damage_blocked_by_shield":465,"minecraft:drop":5,"minecraft:damage_dealt":5394,"minecraft:swim_one_cm":9622,"minecraft:fly_one_cm":79364,"minecraft:open_chest":19,"minecraft:crouch_one_cm":9313,"minecraft:play_time":75512,"minecraft:sneak_time":4099,"minecraft:walk_under_water_one_cm":23270,"minecraft:jump":823,"minecraft:walk_on_water_one_cm":4836,"minecraft:total_world_time":75512,"minecraft:fish_caught":1,"minecraft:fall_one_cm":13448},"minecraft:used":{"minecraft:wheat_seeds":2,"minecraft:water_bucket":5,"minecraft:stone_sword":30,"minecraft:birch_planks":39,"minecraft:stone_pickaxe":60,"minecraft:oak_planks":27,"minecraft:shield":14,"minecraft:chest":2,"minecraft:wooden_pickaxe":25,"dynamictrees:oak_seed":9,"minecraft:stone_hoe":12,"minecraft:cooked_chicken":4,"minecraft:dirt":100,"minecraft:oak_slab":212,"minecraft:crafting_table":3,"minecraft:carrot":21,"waystones:waystone":1,"aquaculture:iron_fishing_rod":6,"spartanweaponry:iron_saber":11,"dynamictrees:birch_seed":7,"minecraft:stone_axe":122,"minecraft:furnace":1,"minecraft:bucket":6,"minecraft:cooked_beef":1,"aquaculture:fish_fillet_cooked":7},"minecraft:dropped":{"minecraft:cooked_beef":1,"minecraft:oak_log":34,"aquaculture:tin_can":1,"minecraft:rotten_flesh":2},"minecraft:picked_up":{"minecraft:birch_log":22,"minecraft:crafting_table":2,"minecraft:feather":5,"minecraft:cooked_beef":2,"minecraft:chicken":4,"minecraft:birch_planks":7,"minecraft:flint":1,"minecraft:oak_log":98,"minecraft:dirt":144,"minecraft:string":2,"aquaculture:muskellunge":1,"minecraft:bone":12,"minecraft:bow":2,"minecraft:wheat_seeds":4,"dynamictrees:birch_seed":7,"dynamictrees:oak_seed":9,"aquaculture:minnow":1,"minecraft:oak_slab":11,"aquaculture:smallmouth_bass":1,"minecraft:stick":188,"minecraft:raw_iron":8,"spartanweaponry:iron_saber":1,"hmag:soul_powder":4,"minecraft:torch":1,"aquaculture:perch":2,"minecraft:carrot":14,"minecraft:arrow":10,"minecraft:rotten_flesh":7,"waystones:waystone":1,"aquaculture:brown_trout":2,"aquaculture:carp":1,"alexsmobs:maggot":2,"aquaculture:tin_can":1,"minecraft:coal":17,"minecraft:cobblestone":103},"minecraft:broken":{"minecraft:stone_axe":1}},"DataVersion":3465}