{"stats":{"minecraft:crafted":{"minecraft:wooden_sword":2,"minecraft:cooked_cod":3,"minecraft:oak_planks":236,"minecraft:fishing_rod":1,"minecraft:crafting_table":2,"minecraft:wooden_pickaxe":1,"minecraft:iron_sword":1,"minecraft:bowl":4,"minecraft:furnace":2,"minecraft:cooked_salmon":8,"minecraft:birch_planks":20,"minecraft:stone_axe":2,"minecraft:air":0,"aquaculture:fish_fillet_raw":33,"minecraft:charcoal":55,"minecraft:shield":2,"minecraft:stick":26,"aquaculture:fish_fillet_cooked":4,"aquaculture:stone_fillet_knife":1,"minecraft:iron_ingot":12,"minecraft:iron_pickaxe":1,"minecraft:stone_pickaxe":2,"minecraft:wooden_axe":2,"minecraft:stone_sword":1,"minecraft:chest":2,"alexsmobs:cooked_catfish":5,"minecraft:acacia_planks":4,"minecraft:torch":92},"minecraft:picked_up":{"minecraft:wooden_axe":1,"minecraft:birch_log":20,"minecraft:fishing_rod":1,"minecraft:charcoal":36,"minecraft:cooked_beef":1,"minecraft:crafting_table":2,"minecraft:andesite":52,"minecraft:salmon":12,"minecraft:leather":1,"minecraft:wooden_pickaxe":1,"minecraft:oak_log":123,"minecraft:gunpowder":4,"minecraft:dirt":34,"minecraft:string":2,"minecraft:wooden_sword":1,"minecraft:leather_boots":1,"minecraft:pufferfish":3,"minecraft:bone":7,"minecraft:acacia_planks":1,"minecraft:apple":2,"minecraft:bow":2,"minecraft:wheat_seeds":12,"aquaculture:bluegill":3,"alexsmobs:cockroach_wing_fragment":1,"minecraft:stone_pickaxe":1,"aquaculture:minnow":5,"minecraft:birch_sapling":6,"minecraft:oak_planks":208,"minecraft:furnace":1,"aquaculture:smallmouth_bass":5,"biomesoplenty:toadstool":6,"minecraft:stick":41,"minecraft:raw_iron":35,"minecraft:torch":15,"minecraft:bowl":5,"minecraft:acacia_log":1,"aquaculture:perch":9,"minecraft:gravel":7,"minecraft:diorite":7,"alexsmobs:animal_dictionary":1,"alexsmobs:raw_catfish":6,"minecraft:arrow":8,"minecraft:rotten_flesh":12,"minecraft:stone_axe":1,"aquaculture:brown_trout":2,"minecraft:saddle":1,"alexsmobs:maggot":6,"minecraft:oak_sapling":44,"aquaculture:tin_can":1,"minecraft:cod":5,"minecraft:coal":136,"minecraft:cobblestone":214},"minecraft:broken":{"minecraft:stone_pickaxe":2,"minecraft:leather_boots":1,"minecraft:stone_axe":2,"minecraft:wooden_axe":1},"minecraft:custom":{"minecraft:interact_with_furnace":32,"spartanshields:shield_bash_hits":1,"minecraft:mob_kills":40,"minecraft:interact_with_crafting_table":25,"minecraft:leave_game":2,"minecraft:time_since_death":33891,"minecraft:time_since_rest":33922,"minecraft:sprint_one_cm":228068,"minecraft:damage_taken":1127,"minecraft:walk_one_cm":377920,"minecraft:damage_blocked_by_shield":610,"minecraft:drop":16,"minecraft:damage_dealt":5197,"minecraft:swim_one_cm":32387,"minecraft:fly_one_cm":137303,"minecraft:open_chest":9,"minecraft:play_time":120603,"minecraft:crouch_one_cm":5180,"minecraft:sneak_time":2803,"minecraft:deaths":2,"minecraft:walk_under_water_one_cm":28366,"minecraft:jump":1448,"minecraft:walk_on_water_one_cm":34981,"minecraft:total_world_time":120603,"minecraft:fish_caught":15,"minecraft:fall_one_cm":24729},"minecraft:used":{"alexsmobs:cooked_catfish":5,"minecraft:stone_sword":5,"minecraft:stone_pickaxe":264,"minecraft:oak_planks":59,"minecraft:wooden_pickaxe":20,"minecraft:chest":2,"minecraft:shield":18,"minecraft:iron_sword":13,"minecraft:cooked_salmon":2,"minecraft:torch":89,"minecraft:dirt":1,"minecraft:crafting_table":4,"minecraft:oak_log":2,"minecraft:wooden_axe":59,"minecraft:apple":1,"minecraft:iron_pickaxe":56,"minecraft:fishing_rod":31,"minecraft:stone_axe":196,"minecraft:cobblestone":8,"minecraft:bow":8,"minecraft:furnace":3,"minecraft:cooked_cod":3,"minecraft:oak_sapling":42,"aquaculture:stone_fillet_knife":21,"minecraft:birch_log":4,"alexsmobs:animal_dictionary":4,"aquaculture:fish_fillet_cooked":4,"minecraft:cooked_beef":1},"minecraft:dropped":{"minecraft:stone_sword":1,"minecraft:apple":1,"minecraft:shield":1,"minecraft:wooden_axe":2,"minecraft:cooked_salmon":6,"minecraft:wooden_sword":1,"minecraft:bow":1,"minecraft:birch_log":1,"minecraft:acacia_planks":1,"minecraft:gravel":7},"minecraft:killed":{"alexsmobs:anteater":1,"minecraft:salmon":10,"minecraft:spider":2,"minecraft:creeper":1,"minecraft:skeleton":6,"alexsmobs:catfish":6,"minecraft:zombie":7,"alexsmobs:cockroach":1,"alexsmobs:terrapin":1,"alexsmobs:leafcutter_ant":1,"alexsmobs:fly":1,"alexsmobs:crow":1},"minecraft:killed_by":{"alexsmobs:crocodile":1,"minecraft:zombie":1},"minecraft:mined":{"minecraft:crafting_table":1,"minecraft:torch":2,"minecraft:acacia_log":1,"minecraft:grass_block":10,"minecraft:cobblestone":1,"minecraft:tall_grass":3,"minecraft:oak_planks":3,"minecraft:diorite":2,"minecraft:wall_torch":4,"minecraft:seagrass":1,"minecraft:tall_seagrass":2,"minecraft:furnace":1,"biomesoplenty:toadstool":3,"minecraft:birch_log":20,"minecraft:iron_ore":30,"minecraft:birch_leaves":4,"minecraft:andesite":27,"minecraft:grass":36,"minecraft:coal_ore":137,"minecraft:oak_log":107,"minecraft:gravel":5,"minecraft:dirt":13,"minecraft:stone":128,"minecraft:oak_leaves":49}},"DataVersion":3465}