{"stats":{"minecraft:crafted":{"minecraft:wooden_sword":2,"minecraft:cooked_cod":3,"minecraft:oak_planks":236,"minecraft:fishing_rod":1,"minecraft:crafting_table":2,"minecraft:wooden_pickaxe":1,"minecraft:bowl":4,"minecraft:furnace":1,"minecraft:cooked_salmon":8,"minecraft:birch_planks":20,"minecraft:stone_axe":2,"minecraft:air":0,"minecraft:charcoal":55,"minecraft:shield":2,"minecraft:stick":26,"aquaculture:stone_fillet_knife":1,"minecraft:iron_ingot":7,"minecraft:iron_pickaxe":1,"minecraft:stone_pickaxe":2,"minecraft:wooden_axe":2,"minecraft:stone_sword":1,"minecraft:chest":2,"alexsmobs:cooked_catfish":5,"minecraft:acacia_planks":4,"minecraft:torch":92},"minecraft:picked_up":{"minecraft:wooden_axe":1,"minecraft:birch_log":20,"minecraft:fishing_rod":1,"minecraft:charcoal":36,"minecraft:crafting_table":2,"minecraft:andesite":51,"minecraft:salmon":11,"minecraft:wooden_pickaxe":1,"minecraft:oak_log":121,"minecraft:gunpowder":4,"minecraft:dirt":34,"minecraft:string":2,"minecraft:wooden_sword":1,"minecraft:leather_boots":1,"minecraft:bone":4,"minecraft:acacia_planks":1,"minecraft:apple":2,"minecraft:bow":2,"minecraft:wheat_seeds":12,"alexsmobs:cockroach_wing_fragment":1,"minecraft:stone_pickaxe":1,"minecraft:birch_sapling":6,"minecraft:oak_planks":208,"minecraft:furnace":1,"biomesoplenty:toadstool":6,"minecraft:stick":41,"minecraft:raw_iron":30,"minecraft:torch":13,"minecraft:bowl":4,"minecraft:acacia_log":1,"minecraft:gravel":7,"minecraft:diorite":7,"alexsmobs:animal_dictionary":1,"alexsmobs:raw_catfish":6,"minecraft:arrow":5,"minecraft:rotten_flesh":8,"minecraft:stone_axe":1,"alexsmobs:maggot":6,"minecraft:oak_sapling":44,"minecraft:cod":3,"minecraft:coal":117,"minecraft:cobblestone":208},"minecraft:broken":{"minecraft:stone_pickaxe":2,"minecraft:leather_boots":1,"minecraft:stone_axe":2,"minecraft:wooden_axe":1},"minecraft:custom":{"minecraft:interact_with_furnace":25,"spartanshields:shield_bash_hits":1,"minecraft:mob_kills":35,"minecraft:interact_with_crafting_table":19,"minecraft:leave_game":2,"minecraft:time_since_death":9891,"minecraft:time_since_rest":9922,"minecraft:sprint_one_cm":160458,"minecraft:damage_taken":997,"minecraft:walk_one_cm":304944,"minecraft:damage_blocked_by_shield":370,"minecraft:drop":12,"minecraft:damage_dealt":4308,"minecraft:swim_one_cm":29785,"minecraft:fly_one_cm":111253,"minecraft:open_chest":2,"minecraft:play_time":96603,"minecraft:crouch_one_cm":5180,"minecraft:sneak_time":2773,"minecraft:deaths":2,"minecraft:walk_under_water_one_cm":25083,"minecraft:jump":1169,"minecraft:walk_on_water_one_cm":30659,"minecraft:total_world_time":96603,"minecraft:fish_caught":3,"minecraft:fall_one_cm":20174},"minecraft:used":{"alexsmobs:cooked_catfish":4,"minecraft:stone_sword":5,"minecraft:stone_pickaxe":264,"minecraft:oak_planks":59,"minecraft:wooden_pickaxe":20,"minecraft:chest":2,"minecraft:shield":10,"minecraft:cooked_salmon":2,"minecraft:torch":70,"minecraft:dirt":1,"minecraft:crafting_table":3,"minecraft:oak_log":2,"minecraft:wooden_axe":59,"minecraft:apple":1,"minecraft:iron_pickaxe":30,"minecraft:fishing_rod":9,"minecraft:stone_axe":196,"minecraft:cobblestone":8,"minecraft:bow":5,"minecraft:furnace":2,"minecraft:cooked_cod":3,"minecraft:oak_sapling":42,"aquaculture:stone_fillet_knife":2,"minecraft:birch_log":4,"alexsmobs:animal_dictionary":4},"minecraft:dropped":{"minecraft:stone_sword":1,"minecraft:apple":1,"minecraft:shield":1,"minecraft:wooden_axe":2,"minecraft:cooked_salmon":6,"minecraft:wooden_sword":1},"minecraft:killed":{"alexsmobs:anteater":1,"minecraft:salmon":10,"minecraft:spider":2,"minecraft:creeper":1,"minecraft:skeleton":4,"alexsmobs:catfish":6,"minecraft:zombie":4,"alexsmobs:cockroach":1,"alexsmobs:terrapin":1,"alexsmobs:leafcutter_ant":1,"alexsmobs:fly":1,"alexsmobs:crow":1},"minecraft:killed_by":{"alexsmobs:crocodile":1,"minecraft:zombie":1},"minecraft:mined":{"minecraft:crafting_table":1,"minecraft:torch":2,"minecraft:acacia_log":1,"minecraft:grass_block":10,"minecraft:cobblestone":1,"minecraft:tall_grass":3,"minecraft:oak_planks":3,"minecraft:diorite":2,"minecraft:wall_torch":3,"minecraft:seagrass":1,"minecraft:tall_seagrass":2,"minecraft:furnace":1,"biomesoplenty:toadstool":3,"minecraft:birch_log":20,"minecraft:iron_ore":25,"minecraft:birch_leaves":4,"minecraft:andesite":27,"minecraft:grass":34,"minecraft:coal_ore":118,"minecraft:oak_log":107,"minecraft:gravel":5,"minecraft:dirt":13,"minecraft:stone":127,"minecraft:oak_leaves":49}},"DataVersion":3465}