{"stats":{"minecraft:crafted":{"minecraft:wooden_sword":2,"minecraft:cooked_cod":3,"minecraft:oak_planks":236,"minecraft:fishing_rod":1,"minecraft:crafting_table":1,"minecraft:wooden_pickaxe":1,"minecraft:bowl":4,"minecraft:furnace":1,"minecraft:cooked_salmon":8,"minecraft:birch_planks":20,"minecraft:stone_axe":2,"minecraft:air":0,"minecraft:charcoal":55,"minecraft:shield":2,"minecraft:stick":18,"minecraft:iron_ingot":7,"minecraft:iron_pickaxe":1,"minecraft:stone_pickaxe":2,"minecraft:wooden_axe":2,"minecraft:stone_sword":1,"minecraft:chest":2,"alexsmobs:cooked_catfish":5,"minecraft:acacia_planks":4,"minecraft:torch":92},"minecraft:picked_up":{"minecraft:wooden_axe":1,"minecraft:birch_log":20,"minecraft:fishing_rod":1,"minecraft:charcoal":36,"minecraft:crafting_table":2,"minecraft:andesite":51,"minecraft:salmon":11,"minecraft:wooden_pickaxe":1,"minecraft:oak_log":121,"minecraft:gunpowder":4,"minecraft:dirt":34,"minecraft:string":2,"minecraft:wooden_sword":1,"minecraft:leather_boots":1,"minecraft:bone":2,"minecraft:acacia_planks":1,"minecraft:apple":2,"minecraft:bow":2,"minecraft:wheat_seeds":12,"alexsmobs:cockroach_wing_fragment":1,"minecraft:stone_pickaxe":1,"minecraft:birch_sapling":6,"minecraft:oak_planks":208,"minecraft:furnace":1,"biomesoplenty:toadstool":6,"minecraft:stick":41,"minecraft:raw_iron":16,"minecraft:torch":13,"minecraft:bowl":4,"minecraft:acacia_log":1,"minecraft:gravel":5,"minecraft:diorite":7,"alexsmobs:animal_dictionary":1,"alexsmobs:raw_catfish":6,"minecraft:arrow":4,"minecraft:rotten_flesh":6,"minecraft:stone_axe":1,"alexsmobs:maggot":6,"minecraft:oak_sapling":44,"minecraft:cod":3,"minecraft:coal":115,"minecraft:cobblestone":193},"minecraft:broken":{"minecraft:stone_pickaxe":1,"minecraft:stone_axe":1,"minecraft:wooden_axe":1},"minecraft:custom":{"minecraft:interact_with_furnace":25,"minecraft:mob_kills":34,"minecraft:interact_with_crafting_table":17,"minecraft:leave_game":2,"minecraft:time_since_death":36277,"minecraft:time_since_rest":36321,"minecraft:sprint_one_cm":129104,"minecraft:damage_taken":515,"minecraft:walk_one_cm":270754,"minecraft:damage_blocked_by_shield":250,"minecraft:drop":12,"minecraft:damage_dealt":3917,"minecraft:swim_one_cm":25831,"minecraft:fly_one_cm":88463,"minecraft:open_chest":2,"minecraft:play_time":84603,"minecraft:crouch_one_cm":4533,"minecraft:sneak_time":2612,"minecraft:deaths":1,"minecraft:walk_under_water_one_cm":19444,"minecraft:jump":984,"minecraft:walk_on_water_one_cm":20608,"minecraft:total_world_time":84603,"minecraft:fish_caught":3,"minecraft:fall_one_cm":14854},"minecraft:used":{"alexsmobs:cooked_catfish":2,"minecraft:stone_sword":5,"minecraft:stone_pickaxe":260,"minecraft:oak_planks":59,"minecraft:wooden_pickaxe":15,"minecraft:chest":2,"minecraft:shield":6,"minecraft:cooked_salmon":2,"minecraft:torch":55,"minecraft:dirt":1,"minecraft:crafting_table":2,"minecraft:oak_log":2,"minecraft:wooden_axe":59,"minecraft:apple":1,"minecraft:fishing_rod":9,"minecraft:stone_axe":192,"minecraft:bow":2,"minecraft:furnace":2,"minecraft:cooked_cod":3,"minecraft:oak_sapling":42,"minecraft:birch_log":4,"alexsmobs:animal_dictionary":4},"minecraft:dropped":{"minecraft:stone_sword":1,"minecraft:apple":1,"minecraft:shield":1,"minecraft:wooden_axe":2,"minecraft:cooked_salmon":6,"minecraft:wooden_sword":1},"minecraft:killed":{"alexsmobs:anteater":1,"minecraft:salmon":10,"minecraft:spider":2,"minecraft:creeper":1,"minecraft:skeleton":4,"alexsmobs:catfish":6,"minecraft:zombie":4,"alexsmobs:cockroach":1,"alexsmobs:terrapin":1,"alexsmobs:leafcutter_ant":1,"alexsmobs:fly":1,"alexsmobs:crow":1},"minecraft:killed_by":{"alexsmobs:crocodile":1},"minecraft:mined":{"minecraft:crafting_table":1,"minecraft:torch":2,"minecraft:acacia_log":1,"minecraft:grass_block":10,"minecraft:tall_grass":3,"minecraft:oak_planks":3,"minecraft:diorite":2,"minecraft:wall_torch":3,"minecraft:seagrass":1,"minecraft:tall_seagrass":2,"minecraft:furnace":1,"biomesoplenty:toadstool":3,"minecraft:birch_log":20,"minecraft:iron_ore":9,"minecraft:birch_leaves":4,"minecraft:andesite":27,"minecraft:grass":34,"minecraft:coal_ore":116,"minecraft:oak_log":107,"minecraft:gravel":3,"minecraft:dirt":13,"minecraft:stone":109,"minecraft:oak_leaves":49}},"DataVersion":3465}