{"stats":{"minecraft:mined":{"minecraft:oak_slab":11,"farmersdelight:wild_carrots":11,"minecraft:crafting_table":2,"minecraft:grass_block":46,"minecraft:tall_grass":3,"minecraft:iron_ore":8,"minecraft:grass":22,"minecraft:coal_ore":5,"minecraft:gravel":1,"minecraft:dirt":31,"minecraft:stone":22},"minecraft:killed":{"hmag:ghost":1,"minecraft:spider":1,"aquaculture:smallmouth_bass":1,"aquaculture:muskellunge":1,"minecraft:skeleton":2,"aquaculture:minnow":1,"minecraft:zombie":4,"minecraft:chicken":4,"aquaculture:brown_trout":2,"aquaculture:perch":2,"alexsmobs:fly":1,"aquaculture:carp":1},"minecraft:crafted":{"minecraft:oak_planks":164,"minecraft:oak_slab":324,"minecraft:crafting_table":2,"minecraft:wooden_pickaxe":1,"minecraft:cooked_chicken":4,"minecraft:furnace":1,"minecraft:bucket":2,"minecraft:birch_planks":32,"minecraft:stone_axe":1,"minecraft:air":0,"aquaculture:fish_fillet_raw":12,"minecraft:charcoal":15,"minecraft:iron_ingot":15,"minecraft:stone_pickaxe":1,"aquaculture:stone_fillet_knife":1,"minecraft:stone_sword":1,"minecraft:chest":2,"aquaculture:iron_fishing_rod":1,"aquaculture:fish_fillet_cooked":6,"minecraft:stone_hoe":1},"minecraft:custom":{"minecraft:interact_with_furnace":27,"minecraft:mob_kills":21,"minecraft:interact_with_crafting_table":15,"minecraft:time_since_death":51512,"minecraft:climb_one_cm":36,"minecraft:time_since_rest":51512,"minecraft:waystone_activated":1,"minecraft:sprint_one_cm":66290,"minecraft:damage_taken":335,"minecraft:walk_one_cm":195831,"minecraft:drop":1,"minecraft:damage_dealt":2015,"minecraft:swim_one_cm":9622,"minecraft:fly_one_cm":41499,"minecraft:open_chest":15,"minecraft:crouch_one_cm":8679,"minecraft:play_time":51512,"minecraft:sneak_time":3789,"minecraft:walk_under_water_one_cm":23270,"minecraft:jump":520,"minecraft:walk_on_water_one_cm":4836,"minecraft:total_world_time":51512,"minecraft:fall_one_cm":8390},"minecraft:used":{"minecraft:wheat_seeds":2,"minecraft:water_bucket":5,"minecraft:stone_sword":30,"minecraft:stone_pickaxe":24,"minecraft:chest":2,"minecraft:wooden_pickaxe":25,"dynamictrees:oak_seed":8,"minecraft:stone_hoe":9,"minecraft:cooked_chicken":2,"minecraft:dirt":56,"minecraft:oak_slab":212,"minecraft:crafting_table":3,"minecraft:carrot":18,"waystones:waystone":1,"aquaculture:iron_fishing_rod":3,"spartanweaponry:iron_saber":4,"dynamictrees:birch_seed":7,"minecraft:stone_axe":67,"minecraft:furnace":1,"minecraft:bucket":6,"minecraft:cooked_beef":1,"aquaculture:fish_fillet_cooked":2},"minecraft:dropped":{"minecraft:cooked_beef":1},"minecraft:picked_up":{"minecraft:birch_log":20,"minecraft:crafting_table":2,"minecraft:feather":5,"minecraft:cooked_beef":2,"minecraft:chicken":4,"minecraft:flint":1,"minecraft:oak_log":88,"minecraft:dirt":94,"minecraft:string":2,"aquaculture:muskellunge":1,"minecraft:wheat_seeds":3,"dynamictrees:birch_seed":7,"dynamictrees:oak_seed":8,"aquaculture:minnow":1,"minecraft:oak_slab":11,"aquaculture:smallmouth_bass":1,"minecraft:stick":160,"minecraft:raw_iron":8,"spartanweaponry:iron_saber":1,"hmag:soul_powder":1,"aquaculture:perch":1,"minecraft:carrot":11,"minecraft:arrow":4,"minecraft:rotten_flesh":4,"waystones:waystone":1,"aquaculture:brown_trout":2,"aquaculture:carp":1,"alexsmobs:maggot":2,"minecraft:coal":5,"minecraft:cobblestone":81},"minecraft:broken":{"minecraft:stone_axe":1}},"DataVersion":3465}