{"stats":{"minecraft:mined":{"minecraft:oak_slab":1,"farmersdelight:wild_carrots":11,"minecraft:crafting_table":2,"minecraft:grass_block":34,"minecraft:tall_grass":3,"minecraft:iron_ore":8,"minecraft:grass":13,"minecraft:gravel":1,"minecraft:dirt":24,"minecraft:stone":17},"minecraft:killed":{"minecraft:spider":1,"aquaculture:smallmouth_bass":1,"aquaculture:muskellunge":1,"minecraft:skeleton":2,"aquaculture:minnow":1,"minecraft:zombie":3,"minecraft:chicken":4,"aquaculture:brown_trout":2,"aquaculture:perch":2,"alexsmobs:fly":1,"aquaculture:carp":1},"minecraft:crafted":{"minecraft:oak_planks":164,"minecraft:oak_slab":324,"minecraft:crafting_table":2,"minecraft:wooden_pickaxe":1,"minecraft:cooked_chicken":4,"minecraft:furnace":1,"minecraft:bucket":2,"minecraft:birch_planks":32,"minecraft:stone_axe":1,"minecraft:air":0,"aquaculture:fish_fillet_raw":3,"minecraft:charcoal":15,"minecraft:iron_ingot":15,"minecraft:stone_pickaxe":1,"aquaculture:stone_fillet_knife":1,"minecraft:stone_sword":1,"minecraft:chest":2},"minecraft:used":{"minecraft:stone_sword":30,"minecraft:stone_pickaxe":17,"minecraft:chest":2,"minecraft:wooden_pickaxe":22,"dynamictrees:oak_seed":8,"minecraft:cooked_chicken":2,"minecraft:dirt":54,"minecraft:oak_slab":183,"minecraft:crafting_table":3,"minecraft:carrot":8,"waystones:waystone":1,"dynamictrees:birch_seed":7,"minecraft:stone_axe":52,"minecraft:furnace":1,"minecraft:bucket":2},"minecraft:custom":{"minecraft:interact_with_furnace":22,"minecraft:mob_kills":19,"minecraft:interact_with_crafting_table":12,"minecraft:time_since_death":39512,"minecraft:climb_one_cm":36,"minecraft:time_since_rest":39512,"minecraft:waystone_activated":1,"minecraft:sprint_one_cm":51671,"minecraft:damage_taken":265,"minecraft:walk_one_cm":144995,"minecraft:drop":1,"minecraft:damage_dealt":1496,"minecraft:swim_one_cm":9622,"minecraft:fly_one_cm":35947,"minecraft:open_chest":10,"minecraft:crouch_one_cm":6914,"minecraft:play_time":39512,"minecraft:sneak_time":3104,"minecraft:walk_under_water_one_cm":13694,"minecraft:jump":436,"minecraft:walk_on_water_one_cm":4235,"minecraft:total_world_time":39512,"minecraft:fall_one_cm":7020},"minecraft:dropped":{"minecraft:cooked_beef":1},"minecraft:picked_up":{"minecraft:birch_log":20,"minecraft:crafting_table":2,"minecraft:feather":5,"minecraft:cooked_beef":2,"minecraft:chicken":4,"minecraft:flint":1,"minecraft:oak_log":84,"minecraft:dirt":75,"minecraft:string":2,"aquaculture:muskellunge":1,"minecraft:wheat_seeds":3,"dynamictrees:birch_seed":7,"dynamictrees:oak_seed":8,"aquaculture:minnow":1,"minecraft:oak_slab":1,"aquaculture:smallmouth_bass":1,"minecraft:stick":154,"minecraft:raw_iron":8,"spartanweaponry:iron_saber":1,"aquaculture:perch":1,"minecraft:carrot":11,"minecraft:arrow":3,"minecraft:rotten_flesh":4,"waystones:waystone":1,"aquaculture:brown_trout":2,"aquaculture:carp":1,"alexsmobs:maggot":2,"minecraft:cobblestone":76}},"DataVersion":3465}