{"stats":{"minecraft:mined":{"biomesoplenty:orange_autumn_leaves":2,"minecraft:tuff":1,"minecraft:white_bed":5,"minecraft:farmland":9,"farmersdelight:wild_carrots":12,"minecraft:dark_oak_log":36,"minecraft:brewing_stand":1,"minecraft:carved_pumpkin":4,"minecraft:granite":19,"minecraft:grass_block":225,"minecraft:kelp":2,"minecraft:spawner":2,"dynamictrees:oak_leaves":1,"minecraft:carrots":36,"minecraft:furnace":3,"farmersdelight:wild_rice":10,"minecraft:iron_ore":67,"minecraft:andesite":2,"minecraft:pumpkin":21,"minecraft:deepslate_iron_ore":2,"biomesoplenty:high_grass":314,"minecraft:stone":117,"minecraft:deepslate_redstone_ore":14,"minecraft:oak_slab":11,"biomesoplenty:glowing_moss_carpet":1,"minecraft:kelp_plant":2,"minecraft:dandelion":1,"travelersbackpack:standard":2,"minecraft:oak_fence":2,"minecraft:crafting_table":5,"minecraft:torch":7,"minecraft:sponge":1,"minecraft:chest":2,"biomesoplenty:high_grass_plant":781,"minecraft:tall_grass":59,"minecraft:deepslate_gold_ore":3,"biomesoplenty:sprout":1,"biomesoplenty:huge_clover_petal":1,"minecraft:oak_planks":7,"minecraft:diorite":2,"minecraft:wall_torch":1,"minecraft:birch_planks":7,"minecraft:mud":2,"biomesoplenty:glowworm_silk_strand":2,"minecraft:sea_pickle":1,"minecraft:wheat":3,"minecraft:sweet_berry_bush":4,"biomesoplenty:pink_daffodil":14,"dynamictrees:birch_leaves":4,"biomesoplenty:maple_leaves":2,"minecraft:yellow_bed":1,"minecraft:grass":953,"biomesoplenty:clover":5,"minecraft:oak_log":53,"minecraft:coal_ore":103,"minecraft:gravel":7,"minecraft:dirt":126,"minecraft:polished_andesite":1,"minecraft:gold_ore":5,"minecraft:deepslate":8},"minecraft:custom":{"minecraft:mob_kills":112,"minecraft:interact_with_crafting_table":49,"minecraft:open_barrel":21,"minecraft:bell_ring":24,"minecraft:leave_game":2,"minecraft:time_since_death":23403,"minecraft:climb_one_cm":3193,"minecraft:sprint_one_cm":934079,"minecraft:walk_one_cm":1313098,"minecraft:damage_blocked_by_shield":1829,"minecraft:drop":36,"minecraft:raid_win":1,"minecraft:play_time":329825,"minecraft:deaths":5,"minecraft:sneak_time":10939,"minecraft:walk_under_water_one_cm":72860,"minecraft:jump":3891,"minecraft:walk_on_water_one_cm":44521,"minecraft:total_world_time":329825,"spartanshields:shield_bash_hits":3,"minecraft:interact_with_furnace":80,"minecraft:sleep_in_bed":15,"minecraft:time_since_rest":6865,"minecraft:waystone_activated":8,"minecraft:damage_taken":3880,"minecraft:damage_dealt":17168,"minecraft:swim_one_cm":121744,"minecraft:fly_one_cm":610030,"minecraft:open_chest":123,"minecraft:crouch_one_cm":32703,"minecraft:fish_caught":19,"minecraft:fall_one_cm":92534},"minecraft:killed":{"minecraft:cave_spider":2,"minecraft:spider":2,"minecraft:vindicator":3,"aquaculture:smallmouth_bass":1,"minecraft:cod":2,"alexsmobs:seagull":2,"alexsmobs:sugar_glider":1,"aquaculture:muskellunge":1,"minecraft:skeleton":17,"hmag:zombie_girl":1,"minecraft:chicken":8,"aquaculture:brown_trout":2,"aquaculture:perch":2,"minecraft:drowned":3,"alexsmobs:flying_fish":1,"aquaculture:carp":1,"hmag:ghost":11,"minecraft:pig":4,"minecraft:creeper":1,"hmag:kobold":2,"aquaculture:minnow":1,"minecraft:pillager":1,"minecraft:zombie":26,"alexsmobs:fly":4,"minecraft:cow":8},"minecraft:broken":{"minecraft:stone_pickaxe":1,"spartanweaponry:iron_katana":1,"minecraft:iron_axe":1,"minecraft:stone_axe":2,"minecraft:stone_shovel":1},"minecraft:used":{"minecraft:stone_sword":100,"minecraft:rose_bush":1,"minecraft:stone_shovel":131,"minecraft:chest":10,"minecraft:shield":47,"minecraft:cooked_chicken":7,"dynamictrees:oak_seed":12,"minecraft:stone_hoe":70,"minecraft:torch":49,"minecraft:dirt":247,"minecraft:carrot":147,"minecraft:granite":2,"hmag:bat_stew":1,"aquaculture:iron_fishing_rod":38,"minecraft:iron_axe":211,"minecraft:oak_stairs":18,"dynamictrees:birch_seed":7,"minecraft:bow":16,"minecraft:sweet_berries":36,"minecraft:furnace":5,"minecraft:cooked_beef":14,"aquaculture:fish_fillet_cooked":7,"minecraft:water_bucket":12,"minecraft:wheat_seeds":2,"minecraft:diorite":1,"minecraft:birch_planks":58,"minecraft:stone_pickaxe":128,"minecraft:oak_planks":207,"minecraft:wooden_pickaxe":25,"minecraft:cookie":5,"minecraft:oak_slab":212,"minecraft:crafting_table":6,"minecraft:white_bed":4,"spartanweaponry:iron_katana":42,"waystones:waystone":6,"minecraft:apple":21,"spartanweaponry:iron_saber":93,"minecraft:iron_pickaxe":239,"minecraft:stone_axe":142,"minecraft:cobblestone":11,"travelersbackpack:standard":5,"minecraft:cooked_porkchop":1,"minecraft:bucket":12,"minecraft:bone_meal":16},"minecraft:dropped":{"minecraft:oak_slab":64,"minecraft:wheat_seeds":28,"minecraft:cooked_beef":1,"minecraft:oak_log":41,"aquaculture:tin_can":1,"minecraft:feather":5,"minecraft:cobblestone":48,"minecraft:apple":1,"travelersbackpack:standard":1,"minecraft:coal":2,"farmersdelight:rice":1,"minecraft:polished_andesite":1,"minecraft:gold_nugget":3,"minecraft:string":1,"minecraft:birch_log":2,"minecraft:bucket":1,"minecraft:iron_nugget":1,"minecraft:bowl":1,"minecraft:rotten_flesh":8,"minecraft:white_bed":2,"minecraft:pumpkin_seeds":3,"minecraft:yellow_bed":1,"minecraft:oak_sapling":1,"minecraft:oak_boat":2,"minecraft:spider_eye":1},"minecraft:killed_by":{"minecraft:creeper":1,"alexsmobs:murmur_head":2,"minecraft:vindicator":1},"minecraft:crafted":{"minecraft:oak_planks":468,"minecraft:stone_shovel":1,"minecraft:cooked_chicken":8,"minecraft:furnace":2,"minecraft:bone_meal":18,"aquaculture:fish_fillet_raw":13,"minecraft:glass":12,"travelersbackpack:white_sleeping_bag":1,"minecraft:iron_boots":1,"minecraft:iron_axe":3,"minecraft:stone_pickaxe":1,"minecraft:chest":9,"aquaculture:fish_fillet_cooked":7,"minecraft:stone_hoe":1,"minecraft:cooked_beef":15,"minecraft:oak_slab":324,"minecraft:cooked_porkchop":7,"minecraft:crafting_table":3,"travelersbackpack:backpack_tank":2,"minecraft:iron_helmet":1,"minecraft:wooden_pickaxe":1,"travelersbackpack:standard":1,"minecraft:bucket":2,"minecraft:birch_planks":88,"minecraft:stone_axe":2,"minecraft:air":0,"minecraft:oak_boat":1,"minecraft:charcoal":15,"minecraft:shield":1,"minecraft:stick":8,"minecraft:iron_ingot":64,"minecraft:iron_pickaxe":2,"minecraft:oak_stairs":20,"aquaculture:stone_fillet_knife":1,"minecraft:stone_sword":1,"minecraft:iron_leggings":1,"minecraft:gold_ingot":8,"aquaculture:iron_fishing_rod":1,"minecraft:torch":44},"minecraft:picked_up":{"minecraft:fishing_rod":1,"minecraft:mud":2,"minecraft:crafting_table":5,"minecraft:wheat":1,"minecraft:chicken":8,"biomesoplenty:orange_autumn_sapling":3,"minecraft:enchanted_book":1,"minecraft:brewing_stand":1,"minecraft:string":8,"spartanweaponry:iron_katana":1,"aquaculture:muskellunge":2,"minecraft:cobbled_deepslate":8,"minecraft:beef":15,"minecraft:oak_boat":2,"minecraft:rose_bush":1,"minecraft:iron_nugget":1,"dynamictrees:oak_seed":16,"minecraft:chest":2,"minecraft:phantom_membrane":1,"minecraft:furnace":3,"minecraft:stick":448,"minecraft:raw_iron":69,"minecraft:oak_fence":10,"minecraft:torch":9,"aquaculture:perch":4,"minecraft:porkchop":7,"minecraft:diorite":5,"minecraft:carrot":127,"minecraft:redstone":63,"minecraft:arrow":16,"minecraft:rotten_flesh":27,"aquaculture:brown_trout":2,"minecraft:carved_pumpkin":4,"aquaculture:carp":1,"minecraft:nautilus_shell":1,"minecraft:cobblestone":275,"minecraft:cod":9,"aquaculture:tin_can":1,"minecraft:rail":7,"alexsmobs:flying_fish":1,"minecraft:sponge":1,"aquaculture:lockbox":1,"minecraft:birch_log":59,"minecraft:feather":10,"minecraft:cooked_beef":2,"farmersdelight:rice":11,"minecraft:andesite":2,"minecraft:salmon":4,"minecraft:leather":7,"minecraft:potato":1,"minecraft:birch_planks":7,"minecraft:flint":2,"minecraft:tuff":1,"minecraft:oak_log":226,"minecraft:yellow_bed":1,"minecraft:dirt":414,"minecraft:white_banner":2,"biomesoplenty:glowing_moss_carpet":1,"minecraft:bone":22,"minecraft:apple":3,"minecraft:kelp":8,"minecraft:bow":2,"minecraft:wheat_seeds":87,"minecraft:raw_gold":8,"dynamictrees:birch_seed":10,"aquaculture:minnow":1,"minecraft:oak_planks":9,"aquaculture:atlantic_herring":5,"aquaculture:jellyfish":2,"minecraft:oak_slab":11,"aquaculture:smallmouth_bass":1,"spartanweaponry:iron_saber":1,"minecraft:pumpkin":21,"minecraft:sweet_berries":75,"hmag:soul_powder":13,"minecraft:gravel":6,"aquaculture:red_grouper":1,"hmag:kobold_leather":2,"minecraft:white_bed":6,"travelersbackpack:standard":3,"minecraft:dark_oak_log":36,"minecraft:spider_eye":1,"minecraft:polished_andesite":1,"biomesoplenty:maple_sapling":2,"waystones:waystone":7,"minecraft:granite":26,"aquaculture:box":1,"alexsmobs:maggot":4,"biomesoplenty:pink_daffodil":13,"minecraft:coal":105}},"DataVersion":3465}