{"stats":{"minecraft:mined":{"minecraft:white_bed":2,"minecraft:farmland":9,"farmersdelight:wild_carrots":11,"minecraft:grass_block":211,"minecraft:kelp":2,"dynamictrees:oak_leaves":1,"minecraft:furnace":2,"minecraft:carrots":18,"minecraft:iron_ore":8,"biomesoplenty:high_grass":1,"minecraft:stone":67,"minecraft:oak_slab":11,"minecraft:kelp_plant":2,"minecraft:dandelion":1,"minecraft:crafting_table":3,"minecraft:torch":4,"minecraft:chest":2,"minecraft:tall_grass":3,"minecraft:wall_torch":1,"minecraft:birch_planks":7,"minecraft:wheat":2,"dynamictrees:birch_leaves":4,"minecraft:yellow_bed":1,"minecraft:grass":33,"minecraft:coal_ore":39,"minecraft:gravel":1,"minecraft:dirt":113},"minecraft:killed":{"minecraft:spider":2,"aquaculture:smallmouth_bass":1,"alexsmobs:sugar_glider":1,"aquaculture:muskellunge":1,"minecraft:skeleton":13,"hmag:zombie_girl":1,"minecraft:chicken":8,"aquaculture:brown_trout":2,"aquaculture:perch":2,"minecraft:drowned":3,"alexsmobs:flying_fish":1,"aquaculture:carp":1,"hmag:ghost":6,"minecraft:pig":4,"aquaculture:minnow":1,"minecraft:zombie":13,"alexsmobs:fly":3,"minecraft:cow":8},"minecraft:crafted":{"minecraft:oak_planks":196,"minecraft:stone_shovel":1,"minecraft:cooked_chicken":4,"minecraft:furnace":1,"minecraft:bone_meal":18,"aquaculture:fish_fillet_raw":13,"minecraft:iron_axe":1,"minecraft:stone_pickaxe":1,"minecraft:chest":3,"aquaculture:fish_fillet_cooked":7,"minecraft:stone_hoe":1,"minecraft:cooked_beef":15,"minecraft:oak_slab":324,"minecraft:cooked_porkchop":7,"minecraft:crafting_table":2,"minecraft:wooden_pickaxe":1,"minecraft:bucket":2,"minecraft:birch_planks":88,"minecraft:stone_axe":2,"minecraft:air":0,"minecraft:charcoal":15,"minecraft:shield":1,"minecraft:iron_ingot":20,"minecraft:iron_pickaxe":1,"aquaculture:stone_fillet_knife":1,"minecraft:stone_sword":1,"aquaculture:iron_fishing_rod":1,"minecraft:torch":24},"minecraft:custom":{"minecraft:mob_kills":72,"minecraft:interact_with_crafting_table":27,"minecraft:open_barrel":4,"minecraft:leave_game":1,"minecraft:time_since_death":142020,"minecraft:climb_one_cm":520,"minecraft:sprint_one_cm":275437,"minecraft:walk_one_cm":614466,"minecraft:damage_blocked_by_shield":1055,"minecraft:drop":16,"minecraft:play_time":142020,"minecraft:sneak_time":6693,"minecraft:walk_under_water_one_cm":27501,"minecraft:jump":1481,"minecraft:walk_on_water_one_cm":9409,"minecraft:total_world_time":142020,"minecraft:interact_with_furnace":51,"minecraft:sleep_in_bed":3,"minecraft:time_since_rest":6706,"minecraft:waystone_activated":5,"minecraft:damage_taken":1097,"minecraft:damage_dealt":10448,"minecraft:swim_one_cm":19679,"minecraft:fly_one_cm":185591,"minecraft:open_chest":43,"minecraft:crouch_one_cm":17233,"minecraft:fish_caught":8,"minecraft:fall_one_cm":28106},"minecraft:used":{"minecraft:stone_sword":66,"minecraft:stone_shovel":131,"minecraft:chest":5,"minecraft:shield":28,"dynamictrees:oak_seed":9,"minecraft:stone_hoe":36,"minecraft:cooked_chicken":4,"minecraft:torch":12,"minecraft:dirt":236,"minecraft:carrot":60,"aquaculture:iron_fishing_rod":22,"minecraft:iron_axe":5,"dynamictrees:birch_seed":7,"minecraft:furnace":3,"aquaculture:fish_fillet_cooked":7,"minecraft:cooked_beef":1,"minecraft:wheat_seeds":2,"minecraft:water_bucket":10,"minecraft:birch_planks":58,"minecraft:stone_pickaxe":120,"minecraft:oak_planks":27,"minecraft:wooden_pickaxe":25,"minecraft:oak_slab":212,"minecraft:crafting_table":4,"minecraft:white_bed":1,"waystones:waystone":4,"minecraft:apple":18,"spartanweaponry:iron_saber":52,"minecraft:stone_axe":139,"minecraft:bucket":10,"minecraft:bone_meal":16},"minecraft:dropped":{"minecraft:oak_slab":64,"minecraft:wheat_seeds":5,"minecraft:cooked_beef":1,"minecraft:oak_log":41,"aquaculture:tin_can":1,"minecraft:feather":4,"minecraft:apple":1,"minecraft:gold_nugget":3,"minecraft:birch_log":2,"minecraft:rotten_flesh":2,"minecraft:white_bed":2,"minecraft:yellow_bed":1,"minecraft:spider_eye":1},"minecraft:picked_up":{"minecraft:fishing_rod":1,"minecraft:crafting_table":3,"minecraft:chicken":8,"minecraft:enchanted_book":1,"minecraft:string":2,"aquaculture:muskellunge":1,"minecraft:beef":15,"dynamictrees:oak_seed":9,"minecraft:chest":2,"minecraft:phantom_membrane":1,"minecraft:furnace":2,"minecraft:raw_iron":8,"minecraft:stick":249,"minecraft:torch":5,"aquaculture:perch":2,"minecraft:porkchop":7,"minecraft:carrot":51,"minecraft:arrow":13,"minecraft:rotten_flesh":11,"aquaculture:brown_trout":2,"aquaculture:carp":1,"aquaculture:tin_can":1,"minecraft:cod":2,"alexsmobs:flying_fish":1,"minecraft:cobblestone":126,"aquaculture:lockbox":1,"minecraft:nautilus_shell":1,"minecraft:birch_log":24,"minecraft:feather":9,"minecraft:cooked_beef":2,"minecraft:salmon":3,"minecraft:leather":7,"minecraft:birch_planks":7,"minecraft:flint":1,"minecraft:oak_log":105,"minecraft:yellow_bed":1,"minecraft:dirt":364,"minecraft:bone":16,"minecraft:apple":1,"minecraft:kelp":8,"minecraft:bow":2,"minecraft:wheat_seeds":12,"dynamictrees:birch_seed":9,"aquaculture:minnow":1,"aquaculture:atlantic_herring":1,"aquaculture:jellyfish":2,"minecraft:oak_slab":11,"aquaculture:smallmouth_bass":1,"spartanweaponry:iron_saber":1,"hmag:soul_powder":7,"aquaculture:red_grouper":1,"minecraft:white_bed":3,"minecraft:spider_eye":1,"waystones:waystone":5,"alexsmobs:maggot":2,"minecraft:coal":39},"minecraft:broken":{"minecraft:stone_axe":1,"minecraft:stone_shovel":1}},"DataVersion":3465}