{"stats":{"minecraft:mined":{"minecraft:large_fern":1,"minecraft:spruce_planks":1,"minecraft:andesite":32,"minecraft:pumpkin":1,"dynamictrees:spruce_leaves":1,"minecraft:grass_block":2,"minecraft:coal_ore":9,"minecraft:gravel":1,"minecraft:dirt":4,"minecraft:stone":53},"minecraft:crafted":{"minecraft:charcoal":15,"minecraft:shield":1,"minecraft:spruce_planks":16,"minecraft:iron_ingot":1,"minecraft:stone_pickaxe":2,"minecraft:stone_axe":1,"minecraft:air":0},"minecraft:killed":{"minecraft:skeleton":1,"minecraft:enderman":3},"minecraft:used":{"dynamictrees:spruce_seed":5,"minecraft:stone_pickaxe":94,"farmersdelight:pumpkin_slice":11,"minecraft:stone_axe":54,"minecraft:torch":1,"minecraft:cobblestone":5,"minecraft:andesite":1,"alexsmobs:animal_dictionary":1},"minecraft:custom":{"minecraft:time_since_rest":27740,"minecraft:interact_with_furnace":6,"minecraft:sprint_one_cm":53321,"minecraft:damage_taken":251,"minecraft:walk_one_cm":106855,"minecraft:mob_kills":4,"minecraft:drop":6,"minecraft:damage_dealt":1321,"minecraft:interact_with_crafting_table":14,"minecraft:fly_one_cm":31305,"minecraft:open_chest":2,"minecraft:crouch_one_cm":624,"minecraft:play_time":27740,"minecraft:sneak_time":778,"minecraft:jump":225,"minecraft:time_since_death":27740,"minecraft:total_world_time":27740,"minecraft:fall_one_cm":5074},"minecraft:dropped":{"minecraft:pumpkin":4,"minecraft:stone_pickaxe":1,"minecraft:string":2,"minecraft:stick":1},"minecraft:picked_up":{"minecraft:stick":177,"minecraft:pumpkin":4,"minecraft:andesite":22,"dynamictrees:spruce_seed":5,"minecraft:torch":64,"minecraft:gravel":1,"minecraft:spruce_log":122,"minecraft:grass_block":2,"minecraft:string":2,"minecraft:dirt":23,"minecraft:bone":2,"farmersdelight:pumpkin_slice":32,"minecraft:spruce_planks":1,"spartanweaponry:copper_katana":1,"minecraft:coal":8,"minecraft:cobblestone":138,"minecraft:ender_pearl":1}},"DataVersion":3465}