{"stats":{"minecraft:mined":{"minecraft:large_fern":1,"minecraft:spruce_planks":1,"minecraft:andesite":32,"minecraft:powder_snow":3,"minecraft:pumpkin":1,"biomesoplenty:fir_log":7,"dynamictrees:spruce_leaves":1,"minecraft:grass_block":2,"minecraft:coal_ore":9,"biomesoplenty:fir_leaves":1,"minecraft:gravel":5,"minecraft:dirt":4,"minecraft:copper_ore":2,"minecraft:stone":57,"minecraft:fern":1},"minecraft:crafted":{"minecraft:charcoal":15,"minecraft:shield":1,"minecraft:spruce_planks":16,"minecraft:iron_ingot":1,"minecraft:stone_pickaxe":2,"minecraft:stone_axe":3,"minecraft:air":0},"minecraft:killed_by":{"hmag:jack_frost":1},"minecraft:killed":{"minecraft:skeleton":2,"minecraft:spider":2,"minecraft:cow":2,"minecraft:enderman":3},"minecraft:used":{"dynamictrees:spruce_seed":6,"minecraft:stone_pickaxe":105,"minecraft:shield":69,"spartanweaponry:copper_katana":30,"farmersdelight:pumpkin_slice":21,"minecraft:stone_axe":65,"minecraft:torch":1,"minecraft:cobblestone":5,"minecraft:andesite":1,"alexsmobs:animal_dictionary":1},"minecraft:custom":{"minecraft:time_since_rest":687,"minecraft:waystone_activated":1,"minecraft:interact_with_furnace":6,"minecraft:sprint_one_cm":100642,"minecraft:damage_taken":671,"minecraft:walk_one_cm":137049,"minecraft:damage_blocked_by_shield":1725,"minecraft:mob_kills":9,"minecraft:drop":6,"minecraft:damage_dealt":2419,"minecraft:swim_one_cm":6612,"minecraft:interact_with_crafting_table":15,"minecraft:fly_one_cm":149903,"minecraft:open_chest":2,"minecraft:crouch_one_cm":624,"minecraft:play_time":39740,"minecraft:deaths":1,"minecraft:sneak_time":778,"minecraft:walk_under_water_one_cm":3167,"minecraft:jump":551,"minecraft:walk_on_water_one_cm":3084,"minecraft:time_since_death":648,"minecraft:total_world_time":39740,"minecraft:fall_one_cm":8626},"minecraft:dropped":{"minecraft:pumpkin":4,"minecraft:stone_pickaxe":1,"minecraft:string":2,"minecraft:stick":1},"minecraft:picked_up":{"minecraft:stick":217,"minecraft:pumpkin":4,"minecraft:andesite":22,"minecraft:leather":2,"dynamictrees:spruce_seed":6,"minecraft:torch":64,"minecraft:gravel":5,"biomesoplenty:fir_log":7,"minecraft:spider_eye":1,"minecraft:spruce_log":136,"minecraft:grass_block":2,"minecraft:string":4,"minecraft:dirt":23,"minecraft:raw_copper":7,"minecraft:bone":2,"farmersdelight:pumpkin_slice":32,"minecraft:spruce_planks":1,"spartanweaponry:copper_katana":1,"minecraft:beef":4,"minecraft:coal":8,"minecraft:cobblestone":142,"minecraft:ender_pearl":1},"minecraft:broken":{"minecraft:stone_axe":1}},"DataVersion":3465}