{"stats":{"minecraft:mined":{"minecraft:candle":6,"farmersdelight:wild_carrots":21,"biomesoplenty:bush":1,"minecraft:allium":9,"minecraft:grass_block":45,"farmersdelight:wild_cabbages":13,"minecraft:oxeye_daisy":21,"minecraft:large_fern":1,"minecraft:hay_block":26,"farmersdelight:wild_onions":5,"biomesoplenty:jacaranda_log":107,"biomesoplenty:tall_lavender":6,"farmersdelight:wild_rice":7,"biomesoplenty:lavender":19,"minecraft:azure_bluet":9,"minecraft:bookshelf":2,"biomesoplenty:high_grass":131,"minecraft:flowering_azalea_leaves":1,"minecraft:lantern":5,"farmersdelight:rice_panicles":1,"minecraft:stone":23,"minecraft:podzol":3,"biomesoplenty:jacaranda_leaves":15,"minecraft:lily_of_the_valley":13,"minecraft:crafting_table":1,"minecraft:cornflower":1,"minecraft:poppy":1,"minecraft:lectern":1,"biomesoplenty:high_grass_plant":161,"minecraft:tall_grass":17,"minecraft:cobblestone":2,"biomesoplenty:huge_clover_petal":2,"minecraft:grindstone":1,"minecraft:sugar_cane":4,"minecraft:skeleton_skull":1,"farmersdelight:sandy_shrub":5,"biomesoplenty:pink_daffodil":14,"minecraft:lilac":4,"minecraft:grass":150,"biomesoplenty:clover":4,"minecraft:coal_ore":12,"minecraft:gravel":1,"minecraft:flower_pot":2,"minecraft:dirt":32,"minecraft:stone_bricks":1,"biomesoplenty:redwood_wood":4},"minecraft:custom":{"minecraft:mob_kills":61,"minecraft:animals_bred":2,"minecraft:interact_with_crafting_table":28,"minecraft:open_barrel":4,"minecraft:leave_game":1,"minecraft:time_since_death":82715,"minecraft:climb_one_cm":1901,"minecraft:sprint_one_cm":339817,"minecraft:walk_one_cm":310692,"minecraft:drop":73,"minecraft:talked_to_villager":6,"minecraft:play_time":147894,"minecraft:deaths":2,"minecraft:sneak_time":1496,"minecraft:walk_under_water_one_cm":37708,"minecraft:jump":3612,"minecraft:walk_on_water_one_cm":46290,"minecraft:total_world_time":147894,"minecraft:interact_with_furnace":24,"minecraft:interact_with_stonecutter":1,"minecraft:sleep_in_bed":9,"minecraft:time_since_rest":6865,"minecraft:waystone_activated":3,"minecraft:damage_taken":2394,"minecraft:damage_dealt":6062,"minecraft:swim_one_cm":140183,"minecraft:fly_one_cm":819017,"minecraft:open_chest":128,"minecraft:crouch_one_cm":998,"minecraft:fall_one_cm":120934,"minecraft:horse_one_cm":14114},"minecraft:killed":{"aquaculture:bluegill":2,"aquaculture:red_grouper":1,"minecraft:spider":2,"minecraft:cod":1,"minecraft:skeleton":3,"hmag:zombie_girl":1,"alexsmobs:blue_jay":1,"minecraft:chicken":7,"hmag:catoblepas":2,"alexsmobs:flying_fish":2,"hmag:ghost":1,"minecraft:pig":9,"minecraft:rabbit":2,"aquaculture:jellyfish":2,"minecraft:sheep":7,"aquaculture:minnow":1,"minecraft:zombie":5,"minecraft:cow":11},"minecraft:broken":{"minecraft:stone_axe":1},"minecraft:used":{"minecraft:rose_bush":1,"farmersdelight:cabbage_seeds":6,"dynamictrees:oak_seed":1,"minecraft:cooked_chicken":4,"minecraft:torch":1,"minecraft:dirt":58,"minecraft:iron_axe":213,"biomesoplenty:tall_lavender":1,"biomesoplenty:jacaranda_log":2,"biomesoplenty:jacaranda_sapling":1,"farmersdelight:cutting_board":1,"minecraft:furnace":1,"minecraft:cooked_beef":9,"minecraft:iron_leggings":1,"minecraft:leather_leggings":1,"minecraft:stone_pickaxe":58,"minecraft:baked_potato":6,"minecraft:wooden_pickaxe":15,"biomesoplenty:lavender":1,"minecraft:cookie":3,"farmersdelight:onion":1,"minecraft:crafting_table":2,"spartanweaponry:iron_katana":3,"minecraft:shears":1,"minecraft:bread":22,"minecraft:stone_axe":250,"minecraft:purple_bed":1,"minecraft:cooked_rabbit":1,"alexsmobs:animal_dictionary":2,"spartanweaponry:iron_scythe":1},"minecraft:dropped":{"hmag:reinforcing_chain":1,"minecraft:bread":20,"minecraft:candle":15,"minecraft:porkchop":1,"minecraft:lilac":8,"minecraft:baked_potato":15,"minecraft:golden_pickaxe":1,"biomesoplenty:redwood_wood":8,"minecraft:crafting_table":1,"minecraft:feather":3,"minecraft:cookie":1,"minecraft:book":6,"minecraft:lantern":5,"minecraft:leather":4,"minecraft:coal":12,"farmersdelight:rice":7,"biomesoplenty:jacaranda_log":84,"minecraft:stick":1,"minecraft:light_weighted_pressure_plate":3,"minecraft:oxeye_daisy":6,"hmag:copper_nugget":1,"hmag:golden_tropical_fish":1,"minecraft:white_concrete":1,"minecraft:map":1,"minecraft:iron_leggings":1,"farmersdelight:onion":4,"minecraft:bone_meal":3,"minecraft:paper":6,"minecraft:bone":2,"minecraft:stone_axe":2,"minecraft:sweet_berries":7,"dynamictrees:oak_seed":3,"minecraft:obsidian":2,"minecraft:iron_boots":1,"minecraft:azure_bluet":3,"minecraft:golden_shovel":1,"minecraft:carrot":9,"minecraft:pumpkin_seeds":8,"minecraft:flint_and_steel":1,"minecraft:flower_pot":2,"minecraft:iron_chestplate":1,"minecraft:wooden_pickaxe":2,"minecraft:cooked_rabbit":1,"minecraft:lectern":1},"minecraft:killed_by":{"hmag:harpy":1},"minecraft:crafted":{"minecraft:oak_planks":40,"minecraft:purple_bed":1,"minecraft:cooked_chicken":5,"minecraft:furnace":1,"minecraft:cooked_mutton":10,"minecraft:iron_axe":1,"minecraft:stone_pickaxe":1,"farmersdelight:rice":1,"minecraft:cooked_rabbit":2,"minecraft:wheat":117,"minecraft:cooked_beef":16,"minecraft:sugar":2,"biomesoplenty:jacaranda_planks":24,"minecraft:cooked_porkchop":12,"minecraft:crafting_table":2,"minecraft:wooden_pickaxe":2,"minecraft:stone_axe":1,"minecraft:bread":39,"minecraft:air":0,"farmersdelight:cutting_board":1,"minecraft:stick":8,"minecraft:white_bed":1},"minecraft:picked_up":{"minecraft:crafting_table":1,"minecraft:allium":20,"minecraft:azure_bluet":5,"minecraft:chicken":7,"minecraft:flower_pot":2,"farmersdelight:rice_panicle":1,"biomesoplenty:jacaranda_sapling":2,"minecraft:cornflower":1,"minecraft:string":1,"biomesoplenty:tall_lavender":6,"aquaculture:bluegill":2,"minecraft:candle":15,"farmersdelight:cabbage":4,"minecraft:light_weighted_pressure_plate":2,"minecraft:beef":24,"farmersdelight:cod_slice":2,"minecraft:rose_bush":1,"minecraft:iron_nugget":1,"dynamictrees:oak_seed":4,"biomesoplenty:redwood_wood":8,"minecraft:lectern":1,"minecraft:sugar_cane":8,"hmag:golden_tropical_fish":1,"farmersdelight:cabbage_seeds":13,"minecraft:stick":29,"minecraft:torch":1,"minecraft:flowering_azalea_leaves":1,"minecraft:porkchop":22,"minecraft:carrot":28,"minecraft:arrow":4,"minecraft:rotten_flesh":4,"biomesoplenty:jacaranda_log":187,"minecraft:beetroot_seeds":2,"farmersdelight:onion":5,"aquaculture:fish_fillet_raw":3,"minecraft:hay_block":26,"minecraft:cod":1,"minecraft:mutton":10,"alexsmobs:flying_fish":1,"minecraft:cobblestone":23,"minecraft:skeleton_skull":1,"minecraft:white_wool":10,"minecraft:oxeye_daisy":21,"biomesoplenty:lavender":10,"hmag:copper_nugget":1,"minecraft:feather":8,"minecraft:lilac":8,"farmersdelight:rice":7,"minecraft:leather":13,"minecraft:oak_log":10,"biomesoplenty:jacaranda_planks":3,"minecraft:dirt":83,"minecraft:lantern":5,"minecraft:bone":4,"minecraft:wheat_seeds":16,"minecraft:rabbit_hide":2,"minecraft:grindstone":1,"aquaculture:minnow":1,"minecraft:rabbit":2,"aquaculture:jellyfish":2,"minecraft:book":6,"hmag:soul_powder":2,"minecraft:gravel":1,"aquaculture:red_grouper":1,"minecraft:lily_of_the_valley":13,"minecraft:stone_axe":2,"minecraft:bone_meal":4,"minecraft:white_concrete":1,"minecraft:bread":12,"biomesoplenty:pink_daffodil":10,"minecraft:black_wool":1,"minecraft:coal":12}},"DataVersion":3465}