{"stats":{"minecraft:mined":{"minecraft:podzol":3,"biomesoplenty:jacaranda_leaves":7,"minecraft:candle":6,"farmersdelight:wild_carrots":9,"minecraft:crafting_table":1,"minecraft:allium":9,"minecraft:grass_block":21,"minecraft:lectern":1,"biomesoplenty:high_grass_plant":17,"minecraft:tall_grass":4,"minecraft:sugar_cane":3,"minecraft:skeleton_skull":1,"minecraft:large_fern":1,"farmersdelight:wild_onions":5,"biomesoplenty:jacaranda_log":20,"biomesoplenty:tall_lavender":6,"biomesoplenty:pink_daffodil":13,"biomesoplenty:lavender":18,"minecraft:lilac":4,"minecraft:grass":29,"minecraft:bookshelf":2,"minecraft:coal_ore":12,"biomesoplenty:high_grass":8,"minecraft:lantern":1,"minecraft:flower_pot":2,"minecraft:gravel":1,"minecraft:dirt":19,"minecraft:stone":23,"biomesoplenty:redwood_wood":4},"minecraft:custom":{"minecraft:interact_with_furnace":4,"minecraft:mob_kills":3,"minecraft:animals_bred":2,"minecraft:interact_with_crafting_table":4,"minecraft:time_since_death":14736,"minecraft:sleep_in_bed":4,"minecraft:time_since_rest":12342,"minecraft:sprint_one_cm":86216,"minecraft:damage_taken":860,"minecraft:walk_one_cm":80921,"minecraft:drop":18,"minecraft:damage_dealt":329,"minecraft:swim_one_cm":10745,"minecraft:talked_to_villager":5,"minecraft:fly_one_cm":181201,"minecraft:open_chest":24,"minecraft:crouch_one_cm":844,"minecraft:play_time":40185,"minecraft:deaths":1,"minecraft:sneak_time":1074,"minecraft:walk_under_water_one_cm":16571,"minecraft:jump":977,"minecraft:walk_on_water_one_cm":5285,"minecraft:total_world_time":40185,"minecraft:fall_one_cm":36083,"minecraft:horse_one_cm":14114},"minecraft:killed":{"minecraft:rabbit":2,"hmag:zombie_girl":1},"minecraft:used":{"minecraft:stone_pickaxe":21,"minecraft:wooden_pickaxe":15,"dynamictrees:oak_seed":1,"minecraft:cookie":3,"farmersdelight:onion":1,"minecraft:dirt":40,"minecraft:crafting_table":1,"spartanweaponry:iron_katana":3,"minecraft:bread":10,"biomesoplenty:tall_lavender":1,"biomesoplenty:jacaranda_log":2,"minecraft:stone_axe":57,"minecraft:furnace":1,"minecraft:cooked_rabbit":1,"alexsmobs:animal_dictionary":1},"minecraft:dropped":{"minecraft:bread":2,"minecraft:stone_axe":1,"dynamictrees:oak_seed":3,"biomesoplenty:redwood_wood":4,"minecraft:crafting_table":1,"minecraft:carrot":7,"minecraft:stick":1,"minecraft:light_weighted_pressure_plate":1,"minecraft:cooked_rabbit":1},"minecraft:killed_by":{"hmag:harpy":1},"minecraft:crafted":{"minecraft:oak_planks":40,"minecraft:crafting_table":1,"minecraft:wooden_pickaxe":2,"minecraft:furnace":1,"minecraft:stone_axe":1,"minecraft:air":0,"minecraft:stick":4,"minecraft:stone_pickaxe":1,"minecraft:cooked_rabbit":2},"minecraft:picked_up":{"biomesoplenty:lavender":8,"minecraft:crafting_table":1,"minecraft:allium":20,"minecraft:lilac":4,"minecraft:flower_pot":2,"biomesoplenty:jacaranda_sapling":1,"minecraft:oak_log":10,"minecraft:dirt":43,"minecraft:lantern":1,"biomesoplenty:tall_lavender":6,"minecraft:wheat_seeds":6,"minecraft:candle":15,"minecraft:rabbit_hide":2,"dynamictrees:oak_seed":4,"minecraft:rabbit":2,"minecraft:lectern":1,"biomesoplenty:redwood_wood":4,"minecraft:sugar_cane":6,"minecraft:book":6,"minecraft:stick":25,"minecraft:gravel":1,"minecraft:carrot":16,"biomesoplenty:jacaranda_log":19,"minecraft:stone_axe":2,"farmersdelight:onion":5,"minecraft:bread":12,"biomesoplenty:pink_daffodil":10,"minecraft:coal":12,"minecraft:skeleton_skull":1,"minecraft:cobblestone":23}},"DataVersion":3465}