{"stats":{"minecraft:mined":{"minecraft:podzol":3,"biomesoplenty:jacaranda_leaves":7,"minecraft:candle":6,"farmersdelight:wild_carrots":9,"minecraft:crafting_table":1,"minecraft:cornflower":1,"biomesoplenty:bush":1,"minecraft:allium":9,"minecraft:grass_block":25,"minecraft:lectern":1,"biomesoplenty:high_grass_plant":117,"minecraft:tall_grass":13,"minecraft:sugar_cane":3,"minecraft:grindstone":1,"minecraft:oxeye_daisy":3,"minecraft:skeleton_skull":1,"minecraft:large_fern":1,"minecraft:hay_block":26,"farmersdelight:wild_onions":5,"biomesoplenty:jacaranda_log":20,"biomesoplenty:tall_lavender":6,"farmersdelight:wild_rice":7,"biomesoplenty:pink_daffodil":13,"minecraft:lilac":4,"biomesoplenty:lavender":18,"minecraft:azure_bluet":2,"minecraft:grass":96,"minecraft:bookshelf":2,"biomesoplenty:clover":4,"minecraft:coal_ore":12,"biomesoplenty:high_grass":90,"minecraft:lantern":5,"minecraft:flower_pot":2,"minecraft:gravel":1,"minecraft:dirt":19,"minecraft:stone":23,"biomesoplenty:redwood_wood":4},"minecraft:custom":{"minecraft:interact_with_furnace":5,"minecraft:mob_kills":20,"minecraft:animals_bred":2,"minecraft:interact_with_crafting_table":6,"minecraft:open_barrel":2,"minecraft:interact_with_stonecutter":1,"minecraft:leave_game":1,"minecraft:time_since_death":38445,"minecraft:sleep_in_bed":5,"minecraft:climb_one_cm":476,"minecraft:time_since_rest":20272,"minecraft:waystone_activated":1,"minecraft:sprint_one_cm":159698,"minecraft:damage_taken":1232,"minecraft:walk_one_cm":142875,"minecraft:drop":53,"minecraft:damage_dealt":2089,"minecraft:swim_one_cm":26552,"minecraft:fly_one_cm":350752,"minecraft:talked_to_villager":5,"minecraft:open_chest":39,"minecraft:crouch_one_cm":844,"minecraft:play_time":63894,"minecraft:deaths":1,"minecraft:sneak_time":1098,"minecraft:walk_under_water_one_cm":18797,"minecraft:jump":1677,"minecraft:walk_on_water_one_cm":13786,"minecraft:total_world_time":63894,"minecraft:fall_one_cm":59758,"minecraft:horse_one_cm":14114},"minecraft:killed":{"minecraft:pig":5,"minecraft:rabbit":2,"minecraft:sheep":3,"hmag:zombie_girl":1,"minecraft:chicken":3,"hmag:catoblepas":1,"minecraft:cow":5},"minecraft:dropped":{"minecraft:bread":20,"minecraft:stone_axe":2,"minecraft:candle":15,"minecraft:sweet_berries":7,"minecraft:porkchop":1,"dynamictrees:oak_seed":3,"minecraft:lilac":8,"minecraft:golden_pickaxe":1,"biomesoplenty:redwood_wood":8,"minecraft:crafting_table":1,"minecraft:obsidian":2,"minecraft:feather":3,"minecraft:book":6,"minecraft:lantern":5,"minecraft:golden_shovel":1,"minecraft:coal":12,"minecraft:pumpkin_seeds":8,"minecraft:carrot":9,"farmersdelight:rice":7,"minecraft:flint_and_steel":1,"minecraft:stick":1,"minecraft:light_weighted_pressure_plate":3,"minecraft:flower_pot":2,"hmag:copper_nugget":1,"minecraft:map":1,"farmersdelight:onion":4,"minecraft:wooden_pickaxe":2,"minecraft:paper":6,"minecraft:cooked_rabbit":1,"minecraft:lectern":1},"minecraft:used":{"minecraft:leather_leggings":1,"minecraft:stone_pickaxe":26,"minecraft:wooden_pickaxe":15,"dynamictrees:oak_seed":1,"minecraft:cookie":3,"farmersdelight:onion":1,"minecraft:dirt":44,"minecraft:crafting_table":2,"spartanweaponry:iron_katana":3,"minecraft:bread":22,"biomesoplenty:tall_lavender":1,"biomesoplenty:jacaranda_log":2,"minecraft:stone_axe":110,"minecraft:furnace":1,"minecraft:cooked_rabbit":1,"alexsmobs:animal_dictionary":1,"minecraft:iron_leggings":1},"minecraft:killed_by":{"hmag:harpy":1},"minecraft:crafted":{"minecraft:oak_planks":40,"minecraft:crafting_table":2,"minecraft:wooden_pickaxe":2,"minecraft:furnace":1,"minecraft:stone_axe":1,"minecraft:bread":39,"minecraft:air":0,"minecraft:stick":4,"minecraft:stone_pickaxe":1,"minecraft:cooked_rabbit":2,"minecraft:wheat":117},"minecraft:picked_up":{"biomesoplenty:lavender":8,"farmersdelight:rice":7,"minecraft:crafting_table":1,"minecraft:allium":20,"hmag:copper_nugget":1,"minecraft:azure_bluet":2,"minecraft:feather":3,"minecraft:lilac":8,"minecraft:chicken":3,"minecraft:flower_pot":2,"minecraft:leather":5,"biomesoplenty:jacaranda_sapling":1,"minecraft:oak_log":10,"minecraft:cornflower":1,"minecraft:dirt":47,"minecraft:lantern":5,"biomesoplenty:tall_lavender":6,"minecraft:wheat_seeds":11,"minecraft:candle":15,"minecraft:grindstone":1,"minecraft:rabbit_hide":2,"minecraft:light_weighted_pressure_plate":2,"minecraft:beef":11,"dynamictrees:oak_seed":4,"minecraft:rabbit":2,"minecraft:lectern":1,"biomesoplenty:redwood_wood":8,"minecraft:sugar_cane":6,"minecraft:book":6,"minecraft:stick":25,"minecraft:gravel":1,"minecraft:porkchop":13,"minecraft:carrot":16,"minecraft:rotten_flesh":2,"biomesoplenty:jacaranda_log":19,"minecraft:stone_axe":2,"farmersdelight:onion":5,"minecraft:hay_block":26,"minecraft:bread":12,"minecraft:mutton":4,"biomesoplenty:pink_daffodil":10,"minecraft:white_wool":7,"minecraft:coal":12,"minecraft:skeleton_skull":1,"minecraft:cobblestone":23,"minecraft:oxeye_daisy":4}},"DataVersion":3465}