{"stats":{"minecraft:mined":{"minecraft:dark_oak_planks":6,"minecraft:spruce_planks":5,"minecraft:candle":6,"farmersdelight:wild_carrots":21,"biomesoplenty:bush":1,"minecraft:allium":9,"minecraft:grass_block":45,"farmersdelight:wild_cabbages":13,"minecraft:oxeye_daisy":25,"minecraft:large_fern":1,"minecraft:hay_block":26,"farmersdelight:wild_onions":5,"biomesoplenty:jacaranda_log":107,"biomesoplenty:tall_lavender":6,"farmersdelight:wild_rice":7,"minecraft:iron_ore":2,"biomesoplenty:lavender":19,"minecraft:andesite":4,"minecraft:stripped_dark_oak_wood":2,"minecraft:azure_bluet":12,"minecraft:bookshelf":2,"biomesoplenty:high_grass":131,"minecraft:flowering_azalea_leaves":1,"minecraft:iron_bars":2,"minecraft:lantern":5,"farmersdelight:rice_panicles":1,"minecraft:stone":49,"minecraft:podzol":3,"biomesoplenty:jacaranda_leaves":15,"minecraft:lily_of_the_valley":13,"travelersbackpack:standard":1,"minecraft:crafting_table":1,"minecraft:cornflower":1,"minecraft:poppy":1,"minecraft:chest":1,"minecraft:lectern":1,"minecraft:tall_grass":17,"biomesoplenty:high_grass_plant":161,"minecraft:cobblestone":2,"minecraft:sugar_cane":4,"minecraft:dried_kelp_block":11,"biomesoplenty:huge_clover_petal":2,"minecraft:grindstone":1,"minecraft:skeleton_skull":1,"farmersdelight:wild_beetroots":3,"farmersdelight:sandy_shrub":5,"minecraft:dark_oak_slab":1,"biomesoplenty:pink_daffodil":14,"minecraft:lilac":4,"minecraft:grass":153,"biomesoplenty:clover":4,"minecraft:coal_ore":44,"minecraft:gravel":1,"minecraft:dirt":32,"minecraft:flower_pot":2,"minecraft:stone_bricks":1,"biomesoplenty:redwood_wood":4},"minecraft:custom":{"minecraft:mob_kills":79,"minecraft:animals_bred":2,"minecraft:interact_with_crafting_table":29,"minecraft:open_barrel":40,"minecraft:leave_game":2,"minecraft:time_since_death":118486,"minecraft:climb_one_cm":1901,"minecraft:sprint_one_cm":376632,"minecraft:walk_one_cm":349425,"minecraft:drop":94,"minecraft:talked_to_villager":7,"minecraft:play_time":183665,"minecraft:sneak_time":1701,"minecraft:deaths":2,"minecraft:walk_under_water_one_cm":44198,"minecraft:jump":3999,"minecraft:walk_on_water_one_cm":83754,"minecraft:total_world_time":183665,"minecraft:interact_with_furnace":25,"minecraft:interact_with_cartography_table":1,"minecraft:interact_with_stonecutter":1,"minecraft:sleep_in_bed":12,"minecraft:time_since_rest":5994,"minecraft:waystone_activated":4,"minecraft:damage_taken":2573,"minecraft:damage_dealt":7241,"minecraft:swim_one_cm":184994,"minecraft:fly_one_cm":916402,"minecraft:open_chest":156,"minecraft:crouch_one_cm":1440,"minecraft:fall_one_cm":132441,"minecraft:horse_one_cm":14114},"minecraft:killed":{"aquaculture:bluegill":5,"aquaculture:red_grouper":2,"minecraft:spider":2,"aquaculture:gar":2,"aquaculture:smallmouth_bass":2,"minecraft:cod":1,"minecraft:skeleton":3,"hmag:zombie_girl":1,"alexsmobs:blue_jay":1,"minecraft:chicken":7,"minecraft:drowned":2,"hmag:catoblepas":2,"alexsmobs:flying_fish":3,"hmag:ghost":1,"minecraft:pig":9,"minecraft:rabbit":2,"aquaculture:jellyfish":2,"minecraft:sheep":10,"aquaculture:minnow":4,"minecraft:zombie":5,"minecraft:cow":12},"minecraft:broken":{"minecraft:stone_axe":1},"minecraft:used":{"minecraft:rose_bush":1,"farmersdelight:cabbage_seeds":6,"dynamictrees:oak_seed":1,"minecraft:cooked_chicken":4,"minecraft:dried_kelp_block":1,"minecraft:torch":1,"minecraft:dirt":58,"minecraft:dark_oak_planks":5,"minecraft:stripped_dark_oak_wood":1,"minecraft:iron_axe":213,"biomesoplenty:tall_lavender":1,"biomesoplenty:jacaranda_log":2,"minecraft:barrel":2,"biomesoplenty:jacaranda_sapling":1,"farmersdelight:cutting_board":1,"minecraft:furnace":1,"minecraft:cooked_beef":11,"minecraft:golden_axe":29,"minecraft:iron_leggings":1,"minecraft:cooked_mutton":1,"minecraft:leather_leggings":1,"minecraft:stone_pickaxe":124,"minecraft:baked_potato":6,"minecraft:wooden_pickaxe":15,"biomesoplenty:lavender":1,"minecraft:cookie":5,"farmersdelight:onion":1,"minecraft:crafting_table":2,"spartanweaponry:iron_katana":3,"minecraft:shears":1,"waystones:waystone":1,"minecraft:bread":22,"minecraft:stone_axe":250,"minecraft:purple_bed":1,"travelersbackpack:standard":1,"minecraft:cobblestone":11,"minecraft:cooked_rabbit":1,"minecraft:andesite":4,"alexsmobs:animal_dictionary":2,"spartanweaponry:iron_scythe":32},"minecraft:dropped":{"hmag:reinforcing_chain":1,"minecraft:bread":20,"minecraft:candle":15,"minecraft:porkchop":1,"minecraft:lapis_lazuli":4,"minecraft:lilac":8,"minecraft:baked_potato":15,"minecraft:golden_pickaxe":1,"biomesoplenty:redwood_wood":8,"minecraft:crafting_table":1,"aquaculture:smallmouth_bass":2,"minecraft:cookie":1,"minecraft:feather":3,"minecraft:book":6,"minecraft:lantern":5,"minecraft:leather":4,"minecraft:saddle":1,"minecraft:coal":12,"farmersdelight:rice":9,"minecraft:stick":1,"biomesoplenty:jacaranda_log":84,"minecraft:light_weighted_pressure_plate":3,"minecraft:emerald":7,"minecraft:oxeye_daisy":6,"minecraft:dried_kelp_block":5,"hmag:lightning_particle":1,"hmag:copper_nugget":1,"hmag:golden_tropical_fish":1,"minecraft:white_concrete":1,"minecraft:map":1,"minecraft:iron_leggings":1,"farmersdelight:bacon":2,"farmersdelight:onion":4,"minecraft:pumpkin_pie":7,"minecraft:bone_meal":20,"minecraft:paper":6,"minecraft:dark_oak_planks":1,"minecraft:bone":2,"minecraft:stone_axe":2,"minecraft:sweet_berries":7,"dynamictrees:oak_seed":3,"minecraft:obsidian":2,"minecraft:iron_boots":1,"minecraft:golden_shovel":1,"minecraft:azure_bluet":5,"hmag:soul_apple":1,"minecraft:pumpkin_seeds":8,"minecraft:carrot":9,"minecraft:flint_and_steel":1,"minecraft:flower_pot":2,"minecraft:iron_chestplate":1,"minecraft:leather_boots":1,"farmersdelight:minced_beef":3,"farmersdelight:rope":29,"minecraft:stone_pickaxe":1,"minecraft:beef":3,"minecraft:wooden_pickaxe":2,"minecraft:cooked_rabbit":1,"minecraft:lectern":1},"minecraft:killed_by":{"hmag:harpy":1},"minecraft:crafted":{"minecraft:oak_planks":40,"minecraft:purple_bed":1,"minecraft:cooked_chicken":5,"minecraft:furnace":1,"minecraft:bone_meal":15,"minecraft:cooked_mutton":10,"minecraft:iron_axe":1,"minecraft:stone_pickaxe":1,"farmersdelight:rice":1,"minecraft:cooked_rabbit":2,"minecraft:wheat":117,"minecraft:cooked_beef":16,"minecraft:sugar":2,"biomesoplenty:jacaranda_planks":24,"minecraft:cooked_porkchop":12,"minecraft:crafting_table":2,"minecraft:wooden_pickaxe":2,"minecraft:stone_axe":1,"minecraft:bread":39,"minecraft:air":0,"farmersdelight:cutting_board":1,"minecraft:stick":8,"minecraft:white_bed":1},"minecraft:picked_up":{"minecraft:crafting_table":1,"minecraft:allium":20,"minecraft:azure_bluet":8,"minecraft:chicken":7,"minecraft:flower_pot":2,"farmersdelight:rice_panicle":1,"biomesoplenty:jacaranda_sapling":2,"minecraft:cornflower":1,"minecraft:string":1,"biomesoplenty:tall_lavender":6,"minecraft:candle":15,"aquaculture:bluegill":5,"farmersdelight:cabbage":4,"minecraft:spruce_planks":2,"minecraft:light_weighted_pressure_plate":2,"minecraft:beef":27,"farmersdelight:cod_slice":2,"minecraft:rose_bush":1,"minecraft:iron_nugget":1,"dynamictrees:oak_seed":4,"spartanweaponry:drowned_head":1,"minecraft:lectern":1,"biomesoplenty:redwood_wood":8,"minecraft:sugar_cane":8,"hmag:golden_tropical_fish":1,"farmersdelight:cabbage_seeds":13,"minecraft:stick":29,"minecraft:raw_iron":2,"minecraft:torch":1,"minecraft:flowering_azalea_leaves":1,"minecraft:porkchop":22,"minecraft:carrot":28,"minecraft:dark_oak_planks":6,"minecraft:arrow":4,"minecraft:rotten_flesh":8,"biomesoplenty:jacaranda_log":187,"minecraft:beetroot_seeds":2,"farmersdelight:onion":5,"aquaculture:fish_fillet_raw":9,"minecraft:hay_block":26,"minecraft:stripped_dark_oak_wood":1,"minecraft:mutton":10,"minecraft:cod":1,"minecraft:iron_bars":2,"alexsmobs:flying_fish":2,"minecraft:skeleton_skull":1,"minecraft:white_wool":13,"minecraft:cobblestone":49,"minecraft:oxeye_daisy":25,"biomesoplenty:lavender":10,"hmag:copper_nugget":1,"minecraft:feather":8,"minecraft:lilac":8,"farmersdelight:rice":7,"minecraft:andesite":4,"minecraft:leather":13,"minecraft:potato":1,"minecraft:oak_log":10,"biomesoplenty:jacaranda_planks":3,"minecraft:dirt":83,"minecraft:lantern":5,"minecraft:bone":4,"minecraft:wheat_seeds":16,"minecraft:rabbit_hide":2,"minecraft:grindstone":1,"aquaculture:minnow":4,"minecraft:rabbit":2,"aquaculture:jellyfish":2,"minecraft:book":6,"aquaculture:smallmouth_bass":2,"minecraft:dark_oak_slab":1,"aquaculture:gar":2,"hmag:soul_powder":2,"minecraft:gravel":1,"aquaculture:red_grouper":2,"minecraft:lily_of_the_valley":13,"travelersbackpack:standard":1,"minecraft:dried_kelp_block":11,"minecraft:stone_axe":2,"minecraft:bone_meal":7,"minecraft:white_concrete":1,"minecraft:bread":12,"biomesoplenty:pink_daffodil":10,"minecraft:black_wool":1,"minecraft:coal":44}},"DataVersion":3465}