{"stats":{"minecraft:mined":{"minecraft:candle":6,"farmersdelight:wild_carrots":9,"biomesoplenty:bush":1,"minecraft:allium":9,"minecraft:grass_block":35,"minecraft:oxeye_daisy":3,"minecraft:large_fern":1,"minecraft:hay_block":26,"farmersdelight:wild_onions":5,"biomesoplenty:jacaranda_log":20,"biomesoplenty:tall_lavender":6,"farmersdelight:wild_rice":7,"biomesoplenty:lavender":18,"minecraft:azure_bluet":2,"minecraft:bookshelf":2,"biomesoplenty:high_grass":131,"minecraft:flowering_azalea_leaves":1,"minecraft:lantern":5,"minecraft:stone":23,"minecraft:podzol":3,"biomesoplenty:jacaranda_leaves":7,"minecraft:crafting_table":1,"minecraft:cornflower":1,"minecraft:lectern":1,"biomesoplenty:high_grass_plant":161,"minecraft:tall_grass":15,"minecraft:cobblestone":2,"biomesoplenty:huge_clover_petal":2,"minecraft:grindstone":1,"minecraft:sugar_cane":3,"minecraft:skeleton_skull":1,"biomesoplenty:pink_daffodil":14,"minecraft:lilac":4,"minecraft:grass":123,"biomesoplenty:clover":4,"minecraft:coal_ore":12,"minecraft:gravel":1,"minecraft:flower_pot":2,"minecraft:dirt":28,"minecraft:stone_bricks":1,"biomesoplenty:redwood_wood":4},"minecraft:custom":{"minecraft:mob_kills":23,"minecraft:animals_bred":2,"minecraft:interact_with_crafting_table":13,"minecraft:open_barrel":4,"minecraft:leave_game":1,"minecraft:time_since_death":34715,"minecraft:climb_one_cm":1901,"minecraft:sprint_one_cm":222367,"minecraft:walk_one_cm":224797,"minecraft:drop":60,"minecraft:talked_to_villager":6,"minecraft:play_time":99894,"minecraft:deaths":2,"minecraft:sneak_time":1215,"minecraft:walk_under_water_one_cm":22068,"minecraft:jump":2342,"minecraft:walk_on_water_one_cm":18405,"minecraft:total_world_time":99894,"minecraft:interact_with_furnace":14,"minecraft:interact_with_stonecutter":1,"minecraft:sleep_in_bed":8,"minecraft:time_since_rest":1137,"minecraft:waystone_activated":1,"minecraft:damage_taken":1716,"minecraft:damage_dealt":2579,"minecraft:swim_one_cm":50332,"minecraft:fly_one_cm":504428,"minecraft:open_chest":85,"minecraft:crouch_one_cm":844,"minecraft:fall_one_cm":78530,"minecraft:horse_one_cm":14114},"minecraft:killed":{"minecraft:spider":2,"hmag:zombie_girl":1,"minecraft:chicken":3,"hmag:catoblepas":1,"minecraft:pig":5,"minecraft:rabbit":2,"minecraft:sheep":3,"minecraft:zombie":1,"minecraft:cow":5},"minecraft:used":{"farmersdelight:cabbage_seeds":6,"dynamictrees:oak_seed":1,"minecraft:cooked_chicken":1,"minecraft:dirt":44,"biomesoplenty:tall_lavender":1,"biomesoplenty:jacaranda_log":2,"minecraft:furnace":1,"minecraft:iron_leggings":1,"minecraft:leather_leggings":1,"minecraft:stone_pickaxe":58,"minecraft:baked_potato":6,"minecraft:wooden_pickaxe":15,"minecraft:cookie":3,"farmersdelight:onion":1,"minecraft:crafting_table":2,"spartanweaponry:iron_katana":3,"minecraft:shears":1,"minecraft:bread":22,"minecraft:stone_axe":226,"minecraft:purple_bed":1,"minecraft:cooked_rabbit":1,"alexsmobs:animal_dictionary":1},"minecraft:dropped":{"hmag:reinforcing_chain":1,"minecraft:bread":20,"minecraft:candle":15,"minecraft:porkchop":1,"minecraft:lilac":8,"minecraft:baked_potato":15,"minecraft:golden_pickaxe":1,"biomesoplenty:redwood_wood":8,"minecraft:crafting_table":1,"minecraft:feather":3,"minecraft:cookie":1,"minecraft:book":6,"minecraft:lantern":5,"minecraft:coal":12,"farmersdelight:rice":7,"minecraft:stick":1,"minecraft:light_weighted_pressure_plate":3,"hmag:copper_nugget":1,"minecraft:white_concrete":1,"minecraft:map":1,"minecraft:iron_leggings":1,"farmersdelight:onion":4,"minecraft:paper":6,"minecraft:stone_axe":2,"minecraft:sweet_berries":7,"dynamictrees:oak_seed":3,"minecraft:obsidian":2,"minecraft:iron_boots":1,"minecraft:golden_shovel":1,"minecraft:carrot":9,"minecraft:pumpkin_seeds":8,"minecraft:flint_and_steel":1,"minecraft:flower_pot":2,"minecraft:iron_chestplate":1,"minecraft:wooden_pickaxe":2,"minecraft:cooked_rabbit":1,"minecraft:lectern":1},"minecraft:killed_by":{"hmag:harpy":1},"minecraft:crafted":{"minecraft:oak_planks":40,"minecraft:purple_bed":1,"minecraft:cooked_chicken":2,"minecraft:furnace":1,"minecraft:cooked_mutton":4,"minecraft:stone_pickaxe":1,"minecraft:cooked_rabbit":2,"minecraft:wheat":117,"minecraft:cooked_beef":11,"minecraft:cooked_porkchop":12,"minecraft:crafting_table":2,"minecraft:wooden_pickaxe":2,"minecraft:stone_axe":1,"minecraft:bread":39,"minecraft:air":0,"minecraft:stick":4,"minecraft:white_bed":1},"minecraft:picked_up":{"minecraft:crafting_table":1,"minecraft:allium":20,"minecraft:azure_bluet":2,"minecraft:chicken":3,"minecraft:flower_pot":2,"biomesoplenty:jacaranda_sapling":1,"minecraft:cornflower":1,"minecraft:string":1,"biomesoplenty:tall_lavender":6,"minecraft:candle":15,"minecraft:light_weighted_pressure_plate":2,"minecraft:beef":11,"dynamictrees:oak_seed":4,"biomesoplenty:redwood_wood":8,"minecraft:lectern":1,"minecraft:sugar_cane":6,"minecraft:stick":25,"minecraft:torch":1,"minecraft:flowering_azalea_leaves":1,"minecraft:porkchop":13,"minecraft:carrot":16,"minecraft:rotten_flesh":2,"biomesoplenty:jacaranda_log":19,"farmersdelight:onion":5,"minecraft:hay_block":26,"minecraft:mutton":4,"minecraft:cobblestone":23,"minecraft:skeleton_skull":1,"minecraft:white_wool":7,"minecraft:oxeye_daisy":4,"biomesoplenty:lavender":8,"hmag:copper_nugget":1,"minecraft:feather":3,"minecraft:lilac":8,"farmersdelight:rice":7,"minecraft:leather":5,"minecraft:oak_log":10,"biomesoplenty:jacaranda_planks":3,"minecraft:dirt":47,"minecraft:lantern":5,"minecraft:wheat_seeds":11,"minecraft:rabbit_hide":2,"minecraft:grindstone":1,"minecraft:rabbit":2,"minecraft:book":6,"minecraft:gravel":1,"minecraft:stone_axe":2,"minecraft:white_concrete":1,"minecraft:bread":12,"biomesoplenty:pink_daffodil":10,"minecraft:coal":12}},"DataVersion":3465}