{"stats":{"minecraft:mined":{"minecraft:grass":1,"minecraft:stone":4},"minecraft:custom":{"minecraft:time_since_rest":6788,"minecraft:open_chest":12,"minecraft:crouch_one_cm":828,"minecraft:play_time":16185,"minecraft:sprint_one_cm":32208,"minecraft:damage_taken":250,"minecraft:walk_one_cm":24124,"minecraft:sneak_time":951,"minecraft:walk_under_water_one_cm":5822,"minecraft:mob_kills":1,"minecraft:drop":6,"minecraft:jump":313,"minecraft:damage_dealt":269,"minecraft:time_since_death":16185,"minecraft:walk_on_water_one_cm":489,"minecraft:sleep_in_bed":3,"minecraft:total_world_time":16185,"minecraft:interact_with_crafting_table":1,"minecraft:fall_one_cm":7465,"minecraft:fly_one_cm":69154,"minecraft:horse_one_cm":6115},"minecraft:killed":{"hmag:zombie_girl":1},"minecraft:dropped":{"minecraft:bread":2,"dynamictrees:oak_seed":3,"minecraft:stick":1},"minecraft:used":{"minecraft:stone_axe":2,"minecraft:bread":6,"minecraft:wooden_pickaxe":4,"spartanweaponry:iron_katana":3,"dynamictrees:oak_seed":1},"minecraft:crafted":{"minecraft:oak_planks":40,"minecraft:stick":4,"minecraft:wooden_pickaxe":2},"minecraft:picked_up":{"minecraft:stick":25,"minecraft:stone_axe":1,"minecraft:oak_log":10,"dynamictrees:oak_seed":4,"minecraft:bread":12,"minecraft:cobblestone":4}},"DataVersion":3465}