{"stats":{"minecraft:mined":{"minecraft:grass_block":988,"biomesoplenty:flowering_oak_leaves":2,"minecraft:white_concrete":124,"travelersbackpack:white_sleeping_bag":4,"minecraft:oxeye_daisy":1,"minecraft:white_concrete_powder":2,"minecraft:hay_block":38,"dynamictrees:oak_leaves":5,"biomesoplenty:jacaranda_log":11,"biomesoplenty:tall_lavender":3,"minecraft:furnace":4,"farmersdelight:rice":1,"minecraft:iron_ore":7,"minecraft:snow":8,"biomesoplenty:lavender":111,"minecraft:pumpkin":14,"minecraft:azure_bluet":1,"biomesoplenty:high_grass":58,"minecraft:dirt_path":17,"biomesoplenty:jacaranda_door":1,"minecraft:stone":79,"biomesoplenty:jacaranda_leaves":2,"biomesoplenty:jacaranda_planks":10,"minecraft:dandelion":4,"minecraft:oak_fence":2,"minecraft:crafting_table":5,"minecraft:cornflower":1,"minecraft:torch":3,"biomesoplenty:high_grass_plant":74,"minecraft:tall_grass":34,"minecraft:copper_ore":15,"minecraft:cobblestone":1,"biomesoplenty:sprout":16,"minecraft:oak_planks":73,"minecraft:wall_torch":2,"minecraft:seagrass":1,"minecraft:wheat":10,"biomesoplenty:pink_daffodil":1,"biomesoplenty:clover":5,"minecraft:grass":498,"minecraft:coal_ore":67,"minecraft:purple_concrete_powder":3,"minecraft:gravel":743,"minecraft:sand":218,"minecraft:dirt":81},"minecraft:custom":{"minecraft:mob_kills":67,"minecraft:interact_with_crafting_table":80,"minecraft:leave_game":5,"minecraft:time_since_death":76185,"minecraft:sprint_one_cm":805031,"minecraft:walk_one_cm":1322151,"minecraft:damage_blocked_by_shield":2910,"minecraft:drop":44,"minecraft:talked_to_villager":4,"minecraft:raid_win":1,"minecraft:play_time":283648,"minecraft:deaths":4,"minecraft:sneak_time":693,"minecraft:walk_under_water_one_cm":22967,"minecraft:boat_one_cm":108212,"minecraft:jump":3621,"minecraft:walk_on_water_one_cm":32529,"minecraft:total_world_time":283648,"spartanshields:shield_bash_hits":1,"minecraft:interact_with_furnace":47,"minecraft:interact_with_cartography_table":1,"minecraft:raid_trigger":1,"minecraft:sleep_in_bed":15,"minecraft:time_since_rest":4634,"minecraft:waystone_activated":4,"minecraft:damage_taken":3233,"minecraft:damage_dealt":11900,"minecraft:swim_one_cm":60493,"minecraft:fly_one_cm":677116,"minecraft:open_chest":73,"minecraft:crouch_one_cm":1073,"minecraft:fall_one_cm":77865,"minecraft:horse_one_cm":187664},"minecraft:killed":{"minecraft:vindicator":1,"minecraft:spider":7,"minecraft:skeleton":7,"minecraft:horse":1,"minecraft:chicken":2,"minecraft:llama":2,"alexsmobs:bison":1,"minecraft:drowned":1,"hmag:harpy":1,"hmag:ghost":2,"minecraft:ravager":1,"minecraft:creeper":2,"minecraft:pillager":10,"aquaculture:minnow":1,"minecraft:goat":2,"minecraft:zombie":16,"alexsmobs:fly":3,"minecraft:cow":6},"minecraft:broken":{"minecraft:iron_shovel":1,"minecraft:stone_pickaxe":1,"minecraft:stone_axe":1,"minecraft:wooden_hoe":1,"minecraft:stone_shovel":14},"minecraft:used":{"minecraft:oak_fence":10,"minecraft:iron_shovel":280,"minecraft:stone_shovel":1917,"minecraft:poppy":4,"minecraft:white_concrete_powder":98,"minecraft:chest":4,"dynamictrees:oak_seed":4,"minecraft:stone_hoe":3,"minecraft:rotten_flesh":6,"minecraft:torch":110,"minecraft:dirt":860,"minecraft:carrot":10,"minecraft:oak_fence_gate":2,"farmersdelight:cutting_board":1,"minecraft:sweet_berries":7,"minecraft:furnace":7,"minecraft:cooked_beef":11,"minecraft:pumpkin":1,"alexsdelight:cooked_bison":4,"minecraft:wheat_seeds":44,"minecraft:water_bucket":19,"biomesoplenty:jacaranda_door":3,"minecraft:stone_pickaxe":124,"minecraft:oak_planks":75,"minecraft:wooden_pickaxe":12,"farmersdelight:pumpkin_slice":44,"farmersdelight:onion":4,"minecraft:sand":5,"minecraft:crafting_table":10,"farmersdelight:rice":8,"spartanweaponry:iron_warhammer":48,"minecraft:pumpkin_seeds":7,"biomesoplenty:jacaranda_planks":20,"minecraft:purple_concrete_powder":105,"minecraft:wooden_hoe":60,"minecraft:bread":9,"minecraft:iron_pickaxe":172,"travelersbackpack:white_sleeping_bag":5,"minecraft:lectern":1,"spartanshields:copper_tower_shield":71,"spartanweaponry:copper_battle_hammer":582,"minecraft:stone_axe":195,"minecraft:cobblestone":6,"minecraft:cooked_rabbit":1,"minecraft:bucket":20,"minecraft:oak_boat":4,"alexsmobs:animal_dictionary":1,"minecraft:white_concrete":124},"minecraft:dropped":{"minecraft:water_bucket":1,"minecraft:bread":29,"minecraft:cooked_beef":3,"aquaculture:minnow":1,"minecraft:dirt":64,"minecraft:cornflower":1,"minecraft:stone_axe":1,"hmag:soul_powder":2,"minecraft:white_bed":1,"minecraft:poppy":2,"spartanweaponry:iron_warhammer":1,"minecraft:arrow":4},"minecraft:killed_by":{"minecraft:enderman":1,"alexsmobs:bison":1,"minecraft:vindicator":1,"minecraft:zombie":1},"minecraft:crafted":{"minecraft:oak_planks":216,"minecraft:stone_shovel":14,"spartanshields:wooden_tower_shield":1,"minecraft:furnace":3,"minecraft:bone_meal":12,"spartanweaponry:copper_battle_hammer":1,"minecraft:glass":14,"alexsdelight:cooked_bison":4,"travelersbackpack:white_sleeping_bag":1,"minecraft:white_concrete_powder":96,"spartanshields:copper_tower_shield":1,"minecraft:stone_pickaxe":1,"minecraft:chest":4,"biomesoplenty:jacaranda_door":3,"minecraft:stone_hoe":1,"minecraft:oak_fence":12,"minecraft:wheat":243,"minecraft:cooked_beef":13,"biomesoplenty:jacaranda_planks":44,"spartanweaponry:pole":1,"minecraft:crafting_table":5,"minecraft:wooden_pickaxe":1,"spartanweaponry:handle":2,"minecraft:copper_ingot":50,"spartanweaponry:copper_lance":1,"minecraft:stone_axe":3,"minecraft:bread":81,"minecraft:air":0,"minecraft:oak_fence_gate":2,"farmersdelight:cutting_board":1,"minecraft:oak_boat":3,"minecraft:wooden_hoe":1,"minecraft:purple_dye":92,"minecraft:white_dye":12,"minecraft:stick":72,"minecraft:iron_ingot":7,"minecraft:iron_pickaxe":1,"aquaculture:stone_fillet_knife":1,"minecraft:iron_shovel":1,"minecraft:light_gray_dye":2,"minecraft:torch":96,"minecraft:purple_concrete_powder":280,"minecraft:shears":1},"minecraft:picked_up":{"minecraft:crafting_table":5,"minecraft:wheat":1,"minecraft:azure_bluet":1,"minecraft:chicken":2,"minecraft:flower_pot":2,"minecraft:golden_pickaxe":1,"minecraft:cooked_rabbit":1,"minecraft:golden_shovel":1,"farmersdelight:cutting_board":1,"minecraft:cornflower":5,"hmag:ravager_meat":5,"minecraft:string":6,"minecraft:raw_copper":50,"minecraft:flint_and_steel":1,"minecraft:item_frame":29,"biomesoplenty:tall_lavender":3,"minecraft:candle":15,"minecraft:bucket":1,"minecraft:beef":13,"minecraft:oak_boat":1,"minecraft:iron_nugget":1,"minecraft:poppy":6,"dynamictrees:oak_seed":4,"minecraft:lectern":1,"biomesoplenty:redwood_wood":4,"minecraft:furnace":4,"minecraft:stick":25,"minecraft:raw_iron":7,"minecraft:oak_fence":2,"minecraft:torch":17,"minecraft:cookie":3,"minecraft:carrot":2,"minecraft:rotten_flesh":15,"minecraft:arrow":7,"biomesoplenty:jacaranda_log":11,"farmersdelight:onion":4,"minecraft:hay_block":38,"alexsdelight:raw_bison":4,"minecraft:saddle":1,"minecraft:obsidian":2,"minecraft:oxeye_daisy":1,"minecraft:white_wool":3,"minecraft:snowball":8,"minecraft:cobblestone":78,"biomesoplenty:lavender":86,"minecraft:nautilus_shell":1,"spartanweaponry:iron_warhammer":1,"minecraft:feather":2,"minecraft:cooked_beef":1,"farmersdelight:rice":8,"minecraft:water_bucket":1,"minecraft:leather":14,"biomesoplenty:jacaranda_door":3,"alexsmobs:bison_fur":2,"minecraft:flint":68,"minecraft:oak_log":54,"biomesoplenty:jacaranda_planks":10,"minecraft:gunpowder":5,"minecraft:paper":6,"minecraft:dirt":1083,"minecraft:lantern":5,"minecraft:white_banner":2,"minecraft:glass":1,"minecraft:bone":10,"minecraft:bow":1,"minecraft:wheat_seeds":87,"farmersdelight:pumpkin_slice":44,"aquaculture:minnow":2,"minecraft:oak_planks":89,"minecraft:pumpkin":14,"minecraft:sweet_berries":7,"hmag:soul_powder":6,"minecraft:dandelion":14,"minecraft:gravel":675,"minecraft:sand":211,"minecraft:white_bed":1,"minecraft:spider_eye":4,"travelersbackpack:white_sleeping_bag":4,"minecraft:pumpkin_seeds":8,"minecraft:white_concrete_powder":2,"minecraft:white_concrete":124,"minecraft:bread":18,"alexsmobs:maggot":3,"minecraft:coal":79,"minecraft:purple_concrete_powder":3}},"DataVersion":3465}