{"stats":{"minecraft:mined":{"minecraft:furnace":1,"minecraft:iron_ore":4,"minecraft:crafting_table":1,"minecraft:grass":13,"minecraft:coal_ore":53,"minecraft:grass_block":1,"minecraft:tall_grass":2,"minecraft:copper_ore":15,"minecraft:cobblestone":1,"biomesoplenty:sprout":1,"minecraft:stone":16},"minecraft:killed":{"minecraft:skeleton":3,"minecraft:goat":2,"hmag:ghost":1,"minecraft:zombie":9,"minecraft:llama":2,"minecraft:spider":2,"minecraft:creeper":1,"minecraft:cow":4},"minecraft:crafted":{"minecraft:cooked_beef":4,"minecraft:oak_planks":36,"minecraft:crafting_table":2,"minecraft:stick":12,"minecraft:iron_ingot":4,"minecraft:wooden_pickaxe":1,"minecraft:stone_pickaxe":1,"aquaculture:stone_fillet_knife":1,"minecraft:furnace":1,"minecraft:torch":32,"minecraft:stone_axe":1,"minecraft:shears":1,"minecraft:air":0},"minecraft:used":{"minecraft:stone_pickaxe":78,"minecraft:wooden_pickaxe":12,"dynamictrees:oak_seed":1,"minecraft:rotten_flesh":6,"minecraft:stone_axe":48,"minecraft:torch":18,"minecraft:crafting_table":2,"minecraft:furnace":1,"alexsmobs:animal_dictionary":1,"minecraft:cooked_beef":1,"spartanweaponry:iron_warhammer":21},"minecraft:custom":{"minecraft:time_since_rest":26594,"minecraft:interact_with_furnace":10,"minecraft:sprint_one_cm":53150,"minecraft:damage_taken":278,"minecraft:walk_one_cm":155281,"minecraft:mob_kills":24,"minecraft:damage_dealt":4349,"minecraft:swim_one_cm":9162,"minecraft:interact_with_crafting_table":7,"minecraft:fly_one_cm":23671,"minecraft:play_time":26594,"minecraft:sneak_time":61,"minecraft:walk_under_water_one_cm":4479,"minecraft:jump":398,"minecraft:time_since_death":26594,"minecraft:walk_on_water_one_cm":4872,"minecraft:total_world_time":26594,"minecraft:fall_one_cm":3791,"minecraft:horse_one_cm":14083},"minecraft:picked_up":{"minecraft:crafting_table":1,"minecraft:raw_iron":4,"minecraft:stick":3,"spartanweaponry:iron_warhammer":1,"hmag:soul_powder":2,"minecraft:leather":8,"minecraft:oak_log":9,"minecraft:gunpowder":2,"minecraft:spider_eye":1,"minecraft:dirt":19,"minecraft:string":3,"minecraft:raw_copper":50,"minecraft:bone":4,"minecraft:arrow":2,"minecraft:rotten_flesh":6,"minecraft:bow":1,"minecraft:wheat_seeds":1,"minecraft:beef":7,"dynamictrees:oak_seed":1,"minecraft:coal":53,"minecraft:furnace":1,"minecraft:cobblestone":17}},"DataVersion":3465}