{"stats":{"minecraft:mined":{"biomesoplenty:mossy_black_sand":2,"minecraft:oak_sapling":1,"minecraft:granite":11,"minecraft:acacia_log":2,"minecraft:grass_block":40,"minecraft:large_fern":1,"minecraft:furnace":5,"minecraft:iron_ore":12,"minecraft:vine":1,"minecraft:deepslate_iron_ore":3,"minecraft:stone":126,"biomesoplenty:black_sand":8,"minecraft:clay":1,"minecraft:crafting_table":4,"minecraft:torch":3,"minecraft:melon":52,"minecraft:tall_grass":3,"minecraft:cobblestone":1,"minecraft:deepslate_coal_ore":7,"minecraft:sugar_cane":26,"minecraft:diorite":4,"minecraft:wall_torch":2,"minecraft:birch_log":1,"minecraft:wheat":14,"minecraft:grass":179,"minecraft:oak_log":25,"minecraft:coal_ore":45,"minecraft:cocoa":6,"minecraft:sand":54,"minecraft:dirt":66,"minecraft:oak_leaves":24,"minecraft:fern":81},"minecraft:killed_by":{"minecraft:zombie":1},"minecraft:killed":{"aquaculture:bluegill":2,"minecraft:spider":4,"hmag:skeleton_girl":1,"aquaculture:gar":1,"aquaculture:smallmouth_bass":2,"minecraft:slime":4,"minecraft:skeleton":11,"minecraft:chicken":1,"aquaculture:brown_trout":1,"aquaculture:perch":1,"hmag:catoblepas":1,"alexsmobs:kangaroo":1,"aquaculture:rainbow_trout":1,"aquaculture:carp":1,"hmag:ghost":2,"minecraft:salmon":3,"minecraft:squid":1,"aquaculture:minnow":1,"minecraft:zombie":16,"alexsmobs:crow":1,"hmag:alraune":1},"minecraft:crafted":{"minecraft:oak_planks":68,"minecraft:stone_shovel":1,"minecraft:cooked_chicken":1,"minecraft:furnace":2,"minecraft:bone_meal":6,"aquaculture:fish_fillet_raw":17,"minecraft:glass":48,"spartanweaponry:stone_halberd":1,"minecraft:stone_pickaxe":2,"minecraft:chest":1,"aquaculture:fish_fillet_cooked":21,"minecraft:stone_hoe":2,"minecraft:oak_fence":3,"minecraft:cooked_beef":1,"spartanweaponry:pole":1,"minecraft:crafting_table":3,"minecraft:wooden_pickaxe":1,"alexsmobs:cooked_kangaroo_meat":2,"minecraft:cooked_salmon":2,"minecraft:bucket":5,"minecraft:stone_axe":1,"minecraft:bread":4,"minecraft:air":0,"minecraft:stick":36,"minecraft:iron_ingot":15,"aquaculture:stone_fillet_knife":1,"minecraft:torch":64},"minecraft:custom":{"minecraft:mob_kills":58,"minecraft:interact_with_crafting_table":43,"minecraft:leave_game":14,"minecraft:time_since_death":135047,"minecraft:climb_one_cm":2594,"minecraft:sprint_one_cm":212971,"minecraft:walk_one_cm":1092620,"minecraft:drop":19,"minecraft:play_time":257496,"minecraft:deaths":1,"minecraft:sneak_time":1337,"minecraft:walk_under_water_one_cm":44431,"minecraft:jump":2562,"minecraft:walk_on_water_one_cm":31092,"minecraft:total_world_time":257496,"minecraft:interact_with_furnace":55,"minecraft:time_since_rest":135135,"minecraft:damage_taken":1838,"minecraft:damage_dealt":8987,"minecraft:swim_one_cm":35667,"minecraft:fly_one_cm":191135,"minecraft:player_kills":2,"minecraft:open_chest":20,"minecraft:crouch_one_cm":2967,"minecraft:fall_one_cm":39649},"minecraft:used":{"minecraft:oak_fence":1,"minecraft:acacia_log":1,"minecraft:stone_shovel":119,"minecraft:chest":1,"minecraft:cooked_chicken":1,"minecraft:cooked_salmon":4,"minecraft:stone_hoe":68,"minecraft:torch":49,"minecraft:dirt":44,"alexsmobs:cooked_kangaroo_meat":1,"minecraft:wooden_axe":42,"minecraft:furnace":6,"minecraft:cooked_beef":1,"aquaculture:fish_fillet_cooked":21,"minecraft:wheat_seeds":60,"minecraft:water_bucket":6,"minecraft:stone_pickaxe":171,"minecraft:oak_planks":1,"minecraft:wooden_pickaxe":63,"spartanweaponry:stone_halberd":108,"minecraft:sugar_cane":12,"minecraft:crafting_table":7,"minecraft:oak_log":1,"minecraft:apple":1,"minecraft:melon_slice":21,"minecraft:bread":4,"minecraft:stone_axe":126,"minecraft:wooden_sword":50,"minecraft:cobblestone":66,"aquaculture:stone_fillet_knife":4,"minecraft:bucket":11,"alexsmobs:animal_dictionary":6,"minecraft:bone_meal":1},"minecraft:dropped":{"minecraft:stone_hoe":1,"minecraft:wheat_seeds":2,"minecraft:leather":3,"minecraft:coal":15,"minecraft:diorite":4,"minecraft:torch":26,"minecraft:string":1,"minecraft:moss_carpet":3,"minecraft:stone_sword":1,"alexsmobs:animal_dictionary":1,"minecraft:carrot":1,"minecraft:shield":1,"minecraft:arrow":2,"minecraft:beef":6,"minecraft:stone_pickaxe":2},"minecraft:picked_up":{"minecraft:wooden_axe":1,"minecraft:cocoa_beans":18,"minecraft:crafting_table":4,"minecraft:wheat":14,"minecraft:chicken":1,"minecraft:clay_ball":4,"minecraft:shield":1,"minecraft:string":5,"minecraft:moss_carpet":3,"minecraft:cooked_salmon":2,"minecraft:wooden_sword":1,"biomesoplenty:black_sand":10,"aquaculture:bluegill":2,"minecraft:beef":7,"hmag:cureberry":1,"minecraft:melon_slice":246,"minecraft:sugar_cane":47,"minecraft:furnace":5,"minecraft:raw_iron":15,"minecraft:torch":32,"minecraft:acacia_log":2,"aquaculture:perch":1,"minecraft:diorite":4,"minecraft:vine":2,"minecraft:carrot":1,"minecraft:arrow":11,"minecraft:stone_sword":1,"minecraft:rotten_flesh":15,"aquaculture:brown_trout":1,"minecraft:shears":1,"aquaculture:carp":1,"minecraft:mutton":1,"alexsmobs:kangaroo_meat":2,"minecraft:white_wool":2,"minecraft:cobblestone":123,"minecraft:birch_log":2,"hmag:emerald_fragment":2,"minecraft:feather":4,"minecraft:salmon":2,"minecraft:leather":5,"minecraft:oak_log":25,"minecraft:gunpowder":1,"aquaculture:rainbow_trout":1,"minecraft:dirt":119,"spartanweaponry:iron_rapier":1,"minecraft:bone":13,"minecraft:apple":1,"minecraft:bow":1,"minecraft:wheat_seeds":76,"minecraft:stone_pickaxe":2,"aquaculture:minnow":1,"minecraft:glowstone_dust":1,"aquaculture:smallmouth_bass":2,"aquaculture:gar":1,"hmag:soul_powder":4,"minecraft:sand":54,"minecraft:ink_sac":1,"minecraft:spider_eye":1,"alexsmobs:animal_dictionary":1,"alexsmobs:kangaroo_hide":1,"minecraft:slime_ball":3,"minecraft:oak_sapling":3,"minecraft:coal":128},"minecraft:broken":{"minecraft:wooden_pickaxe":1,"minecraft:stone_pickaxe":1,"minecraft:wooden_sword":1,"minecraft:wooden_axe":1}},"DataVersion":3465}