{"stats":{"minecraft:crafted":{"minecraft:oak_planks":16,"minecraft:crafting_table":1,"minecraft:wooden_pickaxe":1,"alexsmobs:cooked_kangaroo_meat":2,"minecraft:furnace":1,"minecraft:cooked_salmon":2,"minecraft:bone_meal":6,"minecraft:air":0,"aquaculture:fish_fillet_raw":17,"minecraft:stick":8,"aquaculture:stone_fillet_knife":1,"aquaculture:fish_fillet_cooked":17,"minecraft:stone_hoe":1,"minecraft:oak_fence":3},"minecraft:picked_up":{"minecraft:wooden_axe":1,"minecraft:birch_log":2,"minecraft:cocoa_beans":18,"minecraft:crafting_table":1,"minecraft:salmon":2,"minecraft:leather":3,"minecraft:oak_log":18,"minecraft:shield":1,"minecraft:string":2,"aquaculture:rainbow_trout":1,"minecraft:dirt":33,"minecraft:cooked_salmon":2,"minecraft:wooden_sword":1,"minecraft:bone":4,"minecraft:apple":1,"minecraft:wheat_seeds":18,"aquaculture:bluegill":2,"minecraft:beef":6,"minecraft:stone_pickaxe":1,"aquaculture:minnow":1,"minecraft:sugar_cane":30,"minecraft:furnace":2,"aquaculture:smallmouth_bass":2,"aquaculture:gar":1,"minecraft:torch":24,"minecraft:acacia_log":1,"aquaculture:perch":1,"minecraft:sand":1,"minecraft:carrot":1,"alexsmobs:animal_dictionary":1,"alexsmobs:kangaroo_hide":1,"minecraft:stone_sword":1,"minecraft:rotten_flesh":5,"minecraft:arrow":4,"aquaculture:brown_trout":1,"aquaculture:carp":1,"minecraft:oak_sapling":2,"minecraft:coal":22,"alexsmobs:kangaroo_meat":2,"minecraft:cobblestone":37},"minecraft:broken":{"minecraft:wooden_axe":1},"minecraft:custom":{"minecraft:interact_with_furnace":27,"minecraft:mob_kills":22,"minecraft:interact_with_crafting_table":8,"minecraft:leave_game":5,"minecraft:time_since_death":28701,"minecraft:climb_one_cm":1416,"minecraft:time_since_rest":28789,"minecraft:sprint_one_cm":78479,"minecraft:damage_taken":848,"minecraft:walk_one_cm":553922,"minecraft:drop":11,"minecraft:damage_dealt":2671,"minecraft:swim_one_cm":21930,"minecraft:fly_one_cm":78439,"minecraft:player_kills":2,"minecraft:open_chest":5,"minecraft:crouch_one_cm":15,"minecraft:deaths":1,"minecraft:play_time":151150,"minecraft:sneak_time":433,"minecraft:walk_under_water_one_cm":33031,"minecraft:jump":1179,"minecraft:walk_on_water_one_cm":12065,"minecraft:total_world_time":151150,"minecraft:fall_one_cm":18751},"minecraft:used":{"minecraft:wheat_seeds":17,"minecraft:acacia_log":1,"minecraft:wooden_pickaxe":58,"minecraft:sugar_cane":12,"minecraft:cooked_salmon":4,"minecraft:stone_hoe":27,"minecraft:dirt":14,"minecraft:crafting_table":1,"alexsmobs:cooked_kangaroo_meat":1,"minecraft:oak_log":1,"minecraft:wooden_axe":42,"minecraft:apple":1,"minecraft:wooden_sword":49,"minecraft:cobblestone":1,"minecraft:furnace":3,"aquaculture:stone_fillet_knife":1,"alexsmobs:animal_dictionary":6,"aquaculture:fish_fillet_cooked":8,"minecraft:bone_meal":1},"minecraft:dropped":{"minecraft:stone_hoe":1,"minecraft:stone_sword":1,"alexsmobs:animal_dictionary":1,"minecraft:leather":3,"minecraft:carrot":1,"minecraft:coal":15,"minecraft:shield":1,"minecraft:torch":24,"minecraft:arrow":2,"minecraft:beef":6,"minecraft:stone_pickaxe":1},"minecraft:killed":{"aquaculture:bluegill":2,"minecraft:salmon":3,"minecraft:spider":1,"aquaculture:gar":1,"aquaculture:smallmouth_bass":2,"minecraft:skeleton":2,"aquaculture:minnow":1,"minecraft:zombie":4,"aquaculture:brown_trout":1,"aquaculture:perch":1,"alexsmobs:kangaroo":1,"aquaculture:rainbow_trout":1,"aquaculture:carp":1},"minecraft:killed_by":{"minecraft:zombie":1},"minecraft:mined":{"minecraft:oak_sapling":1,"minecraft:crafting_table":1,"minecraft:acacia_log":1,"minecraft:grass_block":10,"minecraft:tall_grass":3,"minecraft:sugar_cane":16,"minecraft:furnace":2,"minecraft:birch_log":1,"minecraft:grass":149,"minecraft:coal_ore":7,"minecraft:oak_log":18,"minecraft:cocoa":6,"minecraft:sand":1,"minecraft:dirt":25,"minecraft:stone":39,"minecraft:oak_leaves":18}},"DataVersion":3465}