{"stats":{"minecraft:crafted":{"minecraft:oak_planks":16,"minecraft:wooden_pickaxe":1,"minecraft:cooked_salmon":2,"minecraft:bone_meal":6,"minecraft:air":0,"minecraft:stick":4,"minecraft:stone_hoe":1},"minecraft:picked_up":{"minecraft:wooden_axe":1,"minecraft:birch_log":2,"minecraft:cocoa_beans":18,"minecraft:salmon":2,"minecraft:leather":3,"minecraft:oak_log":18,"minecraft:shield":1,"minecraft:dirt":18,"minecraft:cooked_salmon":2,"minecraft:wooden_sword":1,"minecraft:bone":4,"minecraft:apple":1,"minecraft:wheat_seeds":17,"minecraft:beef":6,"minecraft:stone_pickaxe":1,"minecraft:sugar_cane":16,"minecraft:torch":24,"minecraft:acacia_log":1,"minecraft:sand":1,"minecraft:carrot":1,"alexsmobs:animal_dictionary":1,"minecraft:stone_sword":1,"minecraft:rotten_flesh":5,"minecraft:arrow":4,"minecraft:oak_sapling":1,"minecraft:coal":15,"minecraft:cobblestone":36},"minecraft:broken":{"minecraft:wooden_axe":1},"minecraft:custom":{"minecraft:interact_with_furnace":5,"minecraft:mob_kills":10,"minecraft:interact_with_crafting_table":4,"minecraft:leave_game":5,"minecraft:time_since_death":4701,"minecraft:climb_one_cm":406,"minecraft:time_since_rest":4789,"minecraft:sprint_one_cm":45085,"minecraft:damage_taken":578,"minecraft:walk_one_cm":418697,"minecraft:drop":11,"minecraft:damage_dealt":2131,"minecraft:swim_one_cm":8299,"minecraft:fly_one_cm":51158,"minecraft:player_kills":2,"minecraft:open_chest":2,"minecraft:crouch_one_cm":15,"minecraft:deaths":1,"minecraft:play_time":127150,"minecraft:sneak_time":317,"minecraft:walk_under_water_one_cm":14260,"minecraft:jump":873,"minecraft:walk_on_water_one_cm":7037,"minecraft:total_world_time":127150,"minecraft:fall_one_cm":14496},"minecraft:used":{"minecraft:wheat_seeds":17,"minecraft:acacia_log":1,"minecraft:wooden_pickaxe":46,"minecraft:sugar_cane":12,"minecraft:cooked_salmon":4,"minecraft:stone_hoe":27,"minecraft:dirt":14,"minecraft:oak_log":1,"minecraft:wooden_axe":42,"minecraft:apple":1,"minecraft:wooden_sword":27,"minecraft:cobblestone":1,"alexsmobs:animal_dictionary":5,"minecraft:bone_meal":1},"minecraft:dropped":{"minecraft:stone_hoe":1,"minecraft:stone_sword":1,"alexsmobs:animal_dictionary":1,"minecraft:leather":3,"minecraft:carrot":1,"minecraft:coal":15,"minecraft:shield":1,"minecraft:torch":24,"minecraft:arrow":2,"minecraft:beef":6,"minecraft:stone_pickaxe":1},"minecraft:killed":{"minecraft:salmon":3,"minecraft:spider":1,"minecraft:skeleton":2,"minecraft:zombie":4},"minecraft:killed_by":{"minecraft:zombie":1},"minecraft:mined":{"minecraft:oak_sapling":1,"minecraft:acacia_log":1,"minecraft:grass_block":7,"minecraft:tall_grass":3,"minecraft:sugar_cane":8,"minecraft:birch_log":1,"minecraft:grass":129,"minecraft:oak_log":18,"minecraft:cocoa":6,"minecraft:sand":1,"minecraft:dirt":12,"minecraft:stone":38,"minecraft:oak_leaves":14}},"DataVersion":3465}