{"stats":{"minecraft:mined":{"minecraft:grass_block":976,"travelersbackpack:white_sleeping_bag":4,"minecraft:hay_block":38,"dynamictrees:oak_leaves":5,"biomesoplenty:jacaranda_log":11,"minecraft:furnace":4,"minecraft:iron_ore":7,"minecraft:snow":8,"minecraft:pumpkin":14,"biomesoplenty:high_grass":58,"minecraft:dirt_path":17,"biomesoplenty:jacaranda_door":1,"minecraft:stone":48,"biomesoplenty:jacaranda_leaves":2,"biomesoplenty:jacaranda_planks":2,"minecraft:dandelion":4,"minecraft:crafting_table":5,"minecraft:cornflower":1,"minecraft:torch":3,"biomesoplenty:high_grass_plant":74,"minecraft:tall_grass":32,"minecraft:copper_ore":15,"minecraft:cobblestone":1,"biomesoplenty:sprout":16,"minecraft:oak_planks":4,"minecraft:wall_torch":2,"minecraft:seagrass":1,"biomesoplenty:pink_daffodil":1,"biomesoplenty:clover":5,"minecraft:grass":418,"minecraft:coal_ore":53,"minecraft:gravel":743,"minecraft:sand":135,"minecraft:dirt":81},"minecraft:custom":{"minecraft:mob_kills":66,"minecraft:interact_with_crafting_table":64,"minecraft:leave_game":5,"minecraft:time_since_death":10185,"minecraft:sprint_one_cm":643422,"minecraft:walk_one_cm":1061936,"minecraft:damage_blocked_by_shield":2910,"minecraft:drop":12,"minecraft:talked_to_villager":1,"minecraft:raid_win":1,"minecraft:play_time":217648,"minecraft:deaths":4,"minecraft:sneak_time":622,"minecraft:walk_under_water_one_cm":21692,"minecraft:boat_one_cm":108212,"minecraft:jump":3030,"minecraft:walk_on_water_one_cm":19048,"minecraft:total_world_time":217648,"spartanshields:shield_bash_hits":1,"minecraft:interact_with_furnace":46,"minecraft:raid_trigger":1,"minecraft:sleep_in_bed":9,"minecraft:time_since_rest":8789,"minecraft:waystone_activated":3,"minecraft:damage_taken":3068,"minecraft:damage_dealt":11303,"minecraft:swim_one_cm":54055,"minecraft:fly_one_cm":544048,"minecraft:open_chest":41,"minecraft:crouch_one_cm":1016,"minecraft:fall_one_cm":62635,"minecraft:horse_one_cm":16469},"minecraft:killed":{"minecraft:vindicator":1,"minecraft:spider":7,"minecraft:skeleton":7,"minecraft:horse":1,"minecraft:chicken":2,"minecraft:llama":2,"alexsmobs:bison":1,"minecraft:drowned":1,"hmag:ghost":2,"minecraft:ravager":1,"minecraft:creeper":2,"minecraft:pillager":10,"aquaculture:minnow":1,"minecraft:goat":2,"minecraft:zombie":16,"alexsmobs:fly":3,"minecraft:cow":6},"minecraft:broken":{"minecraft:iron_shovel":1,"minecraft:stone_pickaxe":1,"minecraft:stone_axe":1,"minecraft:stone_shovel":13},"minecraft:dropped":{"minecraft:cooked_beef":3,"aquaculture:minnow":1,"minecraft:dirt":64,"minecraft:cornflower":1,"hmag:soul_powder":2,"minecraft:white_bed":1,"minecraft:poppy":2,"spartanweaponry:iron_warhammer":1,"minecraft:arrow":3},"minecraft:used":{"minecraft:iron_shovel":280,"minecraft:stone_shovel":1835,"minecraft:poppy":2,"minecraft:chest":4,"dynamictrees:oak_seed":1,"minecraft:rotten_flesh":6,"minecraft:torch":110,"minecraft:dirt":859,"farmersdelight:cutting_board":1,"minecraft:furnace":7,"minecraft:cooked_beef":11,"minecraft:pumpkin":1,"alexsdelight:cooked_bison":3,"biomesoplenty:jacaranda_door":3,"minecraft:stone_pickaxe":124,"minecraft:oak_planks":58,"minecraft:wooden_pickaxe":12,"farmersdelight:pumpkin_slice":44,"minecraft:sand":5,"minecraft:crafting_table":10,"spartanweaponry:iron_warhammer":48,"biomesoplenty:jacaranda_planks":20,"minecraft:bread":4,"minecraft:iron_pickaxe":1,"travelersbackpack:white_sleeping_bag":5,"spartanshields:copper_tower_shield":71,"spartanweaponry:copper_battle_hammer":400,"minecraft:stone_axe":115,"minecraft:oak_boat":4,"alexsmobs:animal_dictionary":1},"minecraft:killed_by":{"minecraft:enderman":1,"alexsmobs:bison":1,"minecraft:vindicator":1,"minecraft:zombie":1},"minecraft:crafted":{"minecraft:oak_planks":176,"minecraft:stone_shovel":14,"spartanshields:wooden_tower_shield":1,"minecraft:furnace":3,"spartanweaponry:copper_battle_hammer":1,"minecraft:glass":14,"alexsdelight:cooked_bison":4,"travelersbackpack:white_sleeping_bag":1,"spartanshields:copper_tower_shield":1,"minecraft:stone_pickaxe":1,"minecraft:chest":4,"biomesoplenty:jacaranda_door":3,"minecraft:wheat":243,"minecraft:cooked_beef":13,"biomesoplenty:jacaranda_planks":44,"spartanweaponry:pole":1,"minecraft:crafting_table":5,"minecraft:wooden_pickaxe":1,"spartanweaponry:handle":2,"minecraft:copper_ingot":50,"spartanweaponry:copper_lance":1,"minecraft:stone_axe":2,"minecraft:bread":81,"minecraft:air":0,"farmersdelight:cutting_board":1,"minecraft:oak_boat":3,"minecraft:wooden_hoe":1,"minecraft:stick":68,"minecraft:iron_ingot":7,"minecraft:iron_pickaxe":1,"aquaculture:stone_fillet_knife":1,"minecraft:iron_shovel":1,"minecraft:torch":96,"minecraft:shears":1},"minecraft:picked_up":{"minecraft:crafting_table":5,"minecraft:wheat":1,"minecraft:chicken":2,"farmersdelight:cutting_board":1,"minecraft:cornflower":5,"hmag:ravager_meat":5,"minecraft:string":6,"minecraft:raw_copper":50,"minecraft:beef":13,"minecraft:oak_boat":1,"minecraft:poppy":4,"dynamictrees:oak_seed":3,"minecraft:furnace":4,"minecraft:stick":10,"minecraft:raw_iron":7,"minecraft:torch":14,"minecraft:rotten_flesh":15,"minecraft:arrow":6,"biomesoplenty:jacaranda_log":11,"minecraft:hay_block":38,"alexsdelight:raw_bison":4,"minecraft:saddle":1,"minecraft:white_wool":3,"minecraft:snowball":8,"minecraft:cobblestone":49,"minecraft:nautilus_shell":1,"spartanweaponry:iron_warhammer":1,"minecraft:feather":1,"minecraft:cooked_beef":1,"minecraft:leather":14,"biomesoplenty:jacaranda_door":1,"alexsmobs:bison_fur":2,"minecraft:flint":68,"minecraft:oak_log":44,"biomesoplenty:jacaranda_planks":2,"minecraft:gunpowder":5,"minecraft:dirt":1071,"minecraft:white_banner":2,"minecraft:glass":1,"minecraft:bone":10,"minecraft:bow":1,"minecraft:wheat_seeds":66,"farmersdelight:pumpkin_slice":44,"aquaculture:minnow":2,"minecraft:oak_planks":22,"minecraft:pumpkin":14,"hmag:soul_powder":6,"minecraft:dandelion":14,"minecraft:gravel":675,"minecraft:sand":128,"minecraft:white_bed":1,"minecraft:spider_eye":4,"travelersbackpack:white_sleeping_bag":4,"alexsmobs:maggot":3,"minecraft:coal":53}},"DataVersion":3465}