{"stats":{"minecraft:mined":{"minecraft:large_fern":1,"farmersdelight:cutting_board":1,"minecraft:pumpkin":21,"dynamictrees:spruce_leaves":1,"minecraft:grass_block":1,"minecraft:packed_ice":7,"minecraft:copper_ore":6,"minecraft:stone":12},"minecraft:killed":{"minecraft:zombie":1,"alexsmobs:snow_leopard":1,"hmag:dodomeki":1},"minecraft:crafted":{"farmersdelight:cutting_board":1,"minecraft:spruce_planks":68,"aquaculture:stone_fillet_knife":1,"minecraft:furnace":1,"minecraft:torch":180,"minecraft:pumpkin_seeds":8,"minecraft:stone_axe":1},"minecraft:used":{"dynamictrees:spruce_seed":1,"minecraft:stone_pickaxe":25,"minecraft:spruce_planks":4,"farmersdelight:pumpkin_slice":5,"minecraft:stone_axe":39,"minecraft:torch":2,"farmersdelight:cutting_board":1,"minecraft:furnace":1},"minecraft:custom":{"minecraft:time_since_rest":17609,"minecraft:interact_with_furnace":3,"minecraft:sprint_one_cm":36827,"minecraft:walk_one_cm":99910,"minecraft:damage_taken":110,"minecraft:mob_kills":3,"minecraft:drop":22,"minecraft:damage_dealt":944,"minecraft:interact_with_crafting_table":10,"minecraft:fly_one_cm":9342,"minecraft:crouch_one_cm":13,"minecraft:play_time":17609,"minecraft:sneak_time":5,"minecraft:walk_under_water_one_cm":368,"minecraft:jump":125,"minecraft:walk_on_water_one_cm":188,"minecraft:time_since_death":17609,"minecraft:total_world_time":17609,"minecraft:fall_one_cm":1045},"minecraft:dropped":{"minecraft:stone_axe":1,"aquaculture:stone_fillet_knife":1,"minecraft:torch":116,"farmersdelight:pumpkin_slice":57,"minecraft:cobblestone":11,"minecraft:spruce_log":6,"minecraft:stick":9},"minecraft:picked_up":{"minecraft:stick":68,"minecraft:pumpkin":21,"minecraft:leather":4,"minecraft:torch":52,"dynamictrees:spruce_seed":1,"aquaculture:stone_fillet_knife":1,"minecraft:spruce_log":28,"farmersdelight:cutting_board":1,"minecraft:dirt":1,"minecraft:raw_copper":21,"minecraft:rotten_flesh":2,"minecraft:stone_axe":1,"farmersdelight:pumpkin_slice":76,"minecraft:stone_pickaxe":1,"minecraft:coal":45,"minecraft:snowball":13,"minecraft:cobblestone":26}},"DataVersion":3465}