{"stats":{"minecraft:mined":{"minecraft:grass":1,"minecraft:grass_block":1,"minecraft:coal_ore":50,"minecraft:copper_ore":15,"minecraft:stone":15},"minecraft:crafted":{"minecraft:oak_planks":36,"minecraft:torch":32,"minecraft:crafting_table":1,"minecraft:stone_axe":1,"minecraft:stick":12,"minecraft:wooden_pickaxe":1,"minecraft:stone_pickaxe":1,"aquaculture:stone_fillet_knife":1},"minecraft:killed":{"minecraft:spider":2,"minecraft:zombie":4},"minecraft:used":{"minecraft:torch":4,"minecraft:stone_axe":17,"minecraft:crafting_table":1,"minecraft:stone_pickaxe":68,"minecraft:wooden_pickaxe":12},"minecraft:custom":{"minecraft:time_since_rest":14594,"minecraft:play_time":14594,"minecraft:sprint_one_cm":16485,"minecraft:damage_taken":103,"minecraft:walk_one_cm":53064,"minecraft:sneak_time":59,"minecraft:walk_under_water_one_cm":4479,"minecraft:mob_kills":6,"minecraft:jump":189,"minecraft:damage_dealt":1071,"minecraft:walk_on_water_one_cm":4872,"minecraft:time_since_death":14594,"minecraft:total_world_time":14594,"minecraft:swim_one_cm":9162,"minecraft:horse_one_cm":14083,"minecraft:interact_with_crafting_table":2,"minecraft:fall_one_cm":747,"minecraft:fly_one_cm":8192},"minecraft:picked_up":{"minecraft:raw_copper":50,"minecraft:stick":3,"spartanweaponry:iron_warhammer":1,"minecraft:rotten_flesh":3,"minecraft:oak_log":9,"minecraft:string":1,"minecraft:dirt":1,"minecraft:coal":50,"minecraft:cobblestone":15}},"DataVersion":3465}