{"stats":{"minecraft:mined":{"biomesoplenty:jacaranda_leaves":2,"minecraft:dandelion":1,"minecraft:cornflower":1,"minecraft:crafting_table":4,"minecraft:grass_block":223,"travelersbackpack:white_sleeping_bag":1,"minecraft:tall_grass":15,"minecraft:copper_ore":15,"minecraft:cobblestone":1,"biomesoplenty:sprout":16,"minecraft:wall_torch":2,"minecraft:seagrass":1,"biomesoplenty:jacaranda_log":11,"minecraft:furnace":4,"minecraft:iron_ore":7,"minecraft:snow":8,"minecraft:pumpkin":14,"biomesoplenty:clover":5,"minecraft:grass":100,"minecraft:coal_ore":53,"minecraft:sand":50,"minecraft:dirt":13,"minecraft:stone":37},"minecraft:killed_by":{"minecraft:zombie":1,"minecraft:enderman":1,"alexsmobs:bison":1},"minecraft:killed":{"hmag:ghost":2,"minecraft:spider":7,"minecraft:creeper":1,"minecraft:skeleton":7,"minecraft:horse":1,"aquaculture:minnow":1,"minecraft:goat":2,"minecraft:zombie":13,"minecraft:chicken":2,"minecraft:llama":2,"alexsmobs:bison":1,"minecraft:drowned":1,"minecraft:cow":6},"minecraft:crafted":{"minecraft:cooked_beef":7,"minecraft:oak_planks":172,"minecraft:stone_shovel":2,"biomesoplenty:jacaranda_planks":44,"spartanweaponry:pole":1,"minecraft:crafting_table":4,"minecraft:wooden_pickaxe":1,"spartanshields:wooden_tower_shield":1,"minecraft:furnace":3,"spartanweaponry:handle":2,"minecraft:copper_ingot":50,"spartanweaponry:copper_lance":1,"spartanweaponry:copper_battle_hammer":1,"minecraft:stone_axe":1,"minecraft:air":0,"minecraft:glass":14,"farmersdelight:cutting_board":1,"minecraft:oak_boat":3,"alexsdelight:cooked_bison":4,"travelersbackpack:white_sleeping_bag":1,"spartanshields:copper_tower_shield":1,"minecraft:stick":48,"minecraft:iron_pickaxe":1,"minecraft:iron_ingot":7,"minecraft:stone_pickaxe":1,"aquaculture:stone_fillet_knife":1,"minecraft:chest":2,"minecraft:iron_shovel":1,"minecraft:torch":96,"minecraft:shears":1},"minecraft:used":{"minecraft:iron_shovel":17,"minecraft:stone_shovel":277,"minecraft:stone_pickaxe":114,"minecraft:chest":2,"minecraft:wooden_pickaxe":12,"dynamictrees:oak_seed":1,"farmersdelight:pumpkin_slice":44,"minecraft:rotten_flesh":6,"minecraft:torch":87,"minecraft:dirt":101,"minecraft:sand":5,"minecraft:crafting_table":7,"spartanweaponry:iron_warhammer":48,"biomesoplenty:jacaranda_planks":10,"travelersbackpack:white_sleeping_bag":1,"spartanshields:copper_tower_shield":42,"spartanweaponry:copper_battle_hammer":106,"minecraft:stone_axe":92,"farmersdelight:cutting_board":1,"minecraft:furnace":7,"alexsmobs:animal_dictionary":1,"minecraft:oak_boat":4,"minecraft:cooked_beef":5,"alexsdelight:cooked_bison":1,"minecraft:pumpkin":1},"minecraft:custom":{"minecraft:interact_with_furnace":45,"minecraft:mob_kills":46,"minecraft:interact_with_crafting_table":43,"minecraft:leave_game":1,"minecraft:time_since_death":12442,"minecraft:sleep_in_bed":2,"minecraft:waystone_activated":2,"minecraft:time_since_rest":931,"minecraft:damage_taken":2188,"minecraft:damage_blocked_by_shield":1960,"minecraft:sprint_one_cm":337969,"minecraft:walk_one_cm":477063,"minecraft:drop":8,"minecraft:damage_dealt":8237,"minecraft:swim_one_cm":25966,"minecraft:fly_one_cm":286924,"minecraft:open_chest":26,"minecraft:crouch_one_cm":1016,"minecraft:play_time":110463,"minecraft:deaths":3,"minecraft:sneak_time":602,"minecraft:walk_under_water_one_cm":18259,"minecraft:boat_one_cm":108212,"minecraft:jump":1794,"minecraft:walk_on_water_one_cm":14122,"minecraft:total_world_time":110463,"minecraft:fall_one_cm":40570,"minecraft:horse_one_cm":14083},"minecraft:dropped":{"minecraft:cooked_beef":3,"aquaculture:minnow":1,"minecraft:white_bed":1,"minecraft:dirt":64,"spartanweaponry:iron_warhammer":1,"minecraft:arrow":3},"minecraft:picked_up":{"minecraft:nautilus_shell":1,"minecraft:crafting_table":4,"spartanweaponry:iron_warhammer":1,"minecraft:feather":1,"minecraft:cooked_beef":1,"minecraft:chicken":2,"minecraft:leather":14,"alexsmobs:bison_fur":2,"minecraft:oak_log":43,"minecraft:gunpowder":2,"farmersdelight:cutting_board":1,"minecraft:cornflower":4,"minecraft:dirt":245,"minecraft:string":6,"minecraft:raw_copper":50,"minecraft:glass":1,"minecraft:bone":10,"minecraft:bow":1,"minecraft:wheat_seeds":12,"farmersdelight:pumpkin_slice":44,"minecraft:beef":13,"minecraft:oak_boat":1,"aquaculture:minnow":2,"dynamictrees:oak_seed":1,"minecraft:furnace":4,"minecraft:stick":3,"minecraft:raw_iron":7,"minecraft:pumpkin":14,"hmag:soul_powder":5,"minecraft:torch":2,"minecraft:dandelion":2,"minecraft:sand":43,"minecraft:white_bed":1,"minecraft:spider_eye":4,"travelersbackpack:white_sleeping_bag":1,"minecraft:arrow":6,"minecraft:rotten_flesh":10,"biomesoplenty:jacaranda_log":11,"alexsdelight:raw_bison":4,"minecraft:coal":53,"minecraft:snowball":8,"minecraft:white_wool":3,"minecraft:cobblestone":38},"minecraft:broken":{"minecraft:stone_axe":1,"minecraft:stone_shovel":2}},"DataVersion":3465}