{"stats":{"minecraft:crafted":{"minecraft:oak_planks":16,"minecraft:crafting_table":1,"minecraft:wooden_pickaxe":1,"minecraft:furnace":1,"minecraft:cooked_salmon":2,"minecraft:bone_meal":6,"minecraft:air":0,"aquaculture:fish_fillet_raw":6,"minecraft:stick":8,"aquaculture:stone_fillet_knife":1,"aquaculture:fish_fillet_cooked":6,"minecraft:stone_hoe":1},"minecraft:picked_up":{"minecraft:wooden_axe":1,"minecraft:birch_log":2,"minecraft:cocoa_beans":18,"minecraft:salmon":2,"minecraft:leather":3,"minecraft:oak_log":18,"minecraft:shield":1,"minecraft:dirt":33,"minecraft:cooked_salmon":2,"minecraft:wooden_sword":1,"minecraft:bone":4,"minecraft:apple":1,"minecraft:wheat_seeds":17,"minecraft:beef":6,"minecraft:stone_pickaxe":1,"aquaculture:minnow":1,"minecraft:sugar_cane":16,"aquaculture:smallmouth_bass":2,"minecraft:torch":24,"minecraft:acacia_log":1,"minecraft:sand":1,"minecraft:carrot":1,"alexsmobs:animal_dictionary":1,"minecraft:stone_sword":1,"minecraft:rotten_flesh":5,"minecraft:arrow":4,"aquaculture:carp":1,"minecraft:oak_sapling":2,"minecraft:coal":22,"minecraft:cobblestone":37},"minecraft:broken":{"minecraft:wooden_axe":1},"minecraft:custom":{"minecraft:interact_with_furnace":13,"minecraft:mob_kills":14,"minecraft:interact_with_crafting_table":7,"minecraft:leave_game":5,"minecraft:time_since_death":16701,"minecraft:climb_one_cm":1416,"minecraft:time_since_rest":16789,"minecraft:sprint_one_cm":59981,"minecraft:damage_taken":638,"minecraft:walk_one_cm":493242,"minecraft:drop":11,"minecraft:damage_dealt":2311,"minecraft:swim_one_cm":8299,"minecraft:fly_one_cm":60896,"minecraft:player_kills":2,"minecraft:open_chest":5,"minecraft:crouch_one_cm":15,"minecraft:deaths":1,"minecraft:play_time":139150,"minecraft:sneak_time":399,"minecraft:walk_under_water_one_cm":25637,"minecraft:jump":1026,"minecraft:walk_on_water_one_cm":9583,"minecraft:total_world_time":139150,"minecraft:fall_one_cm":16603},"minecraft:used":{"minecraft:wheat_seeds":17,"minecraft:acacia_log":1,"minecraft:wooden_pickaxe":55,"minecraft:sugar_cane":12,"minecraft:cooked_salmon":4,"minecraft:stone_hoe":27,"minecraft:dirt":14,"minecraft:crafting_table":1,"minecraft:oak_log":1,"minecraft:wooden_axe":42,"minecraft:apple":1,"minecraft:wooden_sword":39,"minecraft:cobblestone":1,"minecraft:furnace":1,"alexsmobs:animal_dictionary":6,"aquaculture:fish_fillet_cooked":4,"minecraft:bone_meal":1},"minecraft:dropped":{"minecraft:stone_hoe":1,"minecraft:stone_sword":1,"alexsmobs:animal_dictionary":1,"minecraft:leather":3,"minecraft:carrot":1,"minecraft:coal":15,"minecraft:shield":1,"minecraft:torch":24,"minecraft:arrow":2,"minecraft:beef":6,"minecraft:stone_pickaxe":1},"minecraft:killed":{"minecraft:salmon":3,"minecraft:spider":1,"aquaculture:smallmouth_bass":2,"minecraft:skeleton":2,"aquaculture:minnow":1,"minecraft:zombie":4,"aquaculture:carp":1},"minecraft:killed_by":{"minecraft:zombie":1},"minecraft:mined":{"minecraft:oak_sapling":1,"minecraft:acacia_log":1,"minecraft:grass_block":10,"minecraft:tall_grass":3,"minecraft:sugar_cane":8,"minecraft:birch_log":1,"minecraft:grass":134,"minecraft:coal_ore":7,"minecraft:oak_log":18,"minecraft:cocoa":6,"minecraft:sand":1,"minecraft:dirt":25,"minecraft:stone":39,"minecraft:oak_leaves":18}},"DataVersion":3465}