{"stats":{"minecraft:mined":{"minecraft:grass_block":1013,"biomesoplenty:flowering_oak_leaves":2,"minecraft:white_concrete":505,"biomesoplenty:jacaranda_stairs":5,"travelersbackpack:white_sleeping_bag":4,"farmersdelight:wild_cabbages":2,"minecraft:oxeye_daisy":1,"minecraft:white_concrete_powder":8,"minecraft:hay_block":38,"dynamictrees:oak_leaves":6,"biomesoplenty:jacaranda_log":41,"biomesoplenty:tall_lavender":3,"minecraft:furnace":4,"farmersdelight:rice":1,"minecraft:iron_ore":7,"minecraft:snow":8,"biomesoplenty:lavender":111,"minecraft:pumpkin":14,"minecraft:azure_bluet":1,"biomesoplenty:high_grass":58,"minecraft:dirt_path":22,"minecraft:light_gray_concrete":64,"biomesoplenty:jacaranda_door":1,"farmersdelight:rice_panicles":6,"minecraft:stone":79,"biomesoplenty:jacaranda_leaves":18,"biomesoplenty:jacaranda_planks":10,"minecraft:dandelion":4,"minecraft:oak_fence":3,"minecraft:crafting_table":5,"minecraft:cornflower":2,"minecraft:torch":3,"biomesoplenty:high_grass_plant":74,"minecraft:tall_grass":35,"minecraft:copper_ore":15,"minecraft:cobblestone":6,"biomesoplenty:sprout":16,"minecraft:oak_planks":73,"minecraft:wall_torch":2,"minecraft:seagrass":1,"farmersdelight:sandy_shrub":1,"minecraft:sweet_berry_bush":1,"minecraft:wheat":17,"biomesoplenty:pink_daffodil":1,"biomesoplenty:clover":5,"minecraft:grass":503,"minecraft:coal_ore":67,"minecraft:purple_concrete_powder":3,"minecraft:gravel":748,"minecraft:sand":594,"minecraft:dirt":81},"minecraft:custom":{"minecraft:mob_kills":93,"minecraft:interact_with_crafting_table":119,"minecraft:open_barrel":35,"minecraft:leave_game":5,"minecraft:time_since_death":172185,"minecraft:sprint_one_cm":1010072,"minecraft:walk_one_cm":1810891,"minecraft:damage_blocked_by_shield":3256,"minecraft:drop":54,"minecraft:talked_to_villager":4,"minecraft:raid_win":1,"minecraft:play_time":379648,"minecraft:deaths":4,"minecraft:sneak_time":2458,"minecraft:walk_under_water_one_cm":27397,"minecraft:boat_one_cm":108212,"minecraft:jump":4373,"minecraft:walk_on_water_one_cm":55328,"minecraft:total_world_time":379648,"spartanshields:shield_bash_hits":2,"minecraft:interact_with_furnace":67,"minecraft:interact_with_cartography_table":2,"minecraft:raid_trigger":1,"minecraft:sleep_in_bed":22,"minecraft:time_since_rest":18865,"minecraft:waystone_activated":4,"minecraft:damage_taken":4207,"minecraft:damage_dealt":17630,"minecraft:swim_one_cm":65429,"minecraft:fly_one_cm":790604,"minecraft:open_chest":135,"minecraft:crouch_one_cm":9865,"minecraft:fall_one_cm":96629,"minecraft:horse_one_cm":187664},"minecraft:killed":{"minecraft:vindicator":1,"minecraft:spider":8,"minecraft:skeleton":12,"minecraft:horse":1,"hmag:zombie_girl":1,"minecraft:chicken":2,"minecraft:llama":2,"alexsmobs:bison":1,"minecraft:drowned":1,"hmag:harpy":1,"hmag:ghost":7,"minecraft:ravager":1,"minecraft:creeper":4,"minecraft:pillager":10,"aquaculture:minnow":1,"minecraft:goat":2,"minecraft:zombie":27,"alexsmobs:fly":3,"minecraft:enderman":1,"minecraft:cow":6},"minecraft:broken":{"minecraft:iron_shovel":1,"minecraft:stone_pickaxe":3,"minecraft:stone_axe":2,"minecraft:iron_pickaxe":1,"minecraft:wooden_hoe":1,"minecraft:stone_shovel":17},"minecraft:dropped":{"minecraft:water_bucket":1,"minecraft:bread":29,"minecraft:cooked_beef":3,"aquaculture:minnow":1,"biomesoplenty:jacaranda_planks":3,"minecraft:stick":4,"minecraft:dirt":64,"minecraft:cornflower":1,"hmag:golden_tropical_fish":1,"minecraft:stone_axe":1,"hmag:soul_powder":2,"alexsmobs:maggot":3,"minecraft:white_bed":1,"minecraft:pumpkin_seeds":1,"minecraft:poppy":2,"spartanweaponry:iron_warhammer":1,"minecraft:arrow":4},"minecraft:used":{"mcwlights:wall_lantern":1,"minecraft:oak_fence":10,"minecraft:iron_shovel":280,"minecraft:stone_shovel":2310,"farmersdelight:cabbage_seeds":2,"minecraft:poppy":4,"minecraft:white_concrete_powder":488,"minecraft:chest":6,"dynamictrees:oak_seed":4,"minecraft:stone_hoe":3,"minecraft:rotten_flesh":6,"minecraft:torch":110,"minecraft:dirt":860,"minecraft:carrot":10,"minecraft:oak_fence_gate":2,"minecraft:lantern":4,"biomesoplenty:jacaranda_stairs":10,"biomesoplenty:jacaranda_sapling":2,"farmersdelight:cutting_board":1,"minecraft:sweet_berries":26,"minecraft:furnace":7,"minecraft:cooked_beef":11,"farmersdelight:tomato_seeds":2,"minecraft:pumpkin":1,"alexsdelight:cooked_bison":4,"minecraft:wheat_seeds":44,"minecraft:water_bucket":87,"biomesoplenty:jacaranda_door":5,"minecraft:stone_pickaxe":495,"minecraft:oak_planks":80,"minecraft:wooden_pickaxe":12,"farmersdelight:pumpkin_slice":44,"farmersdelight:onion":4,"minecraft:sand":17,"minecraft:crafting_table":10,"minecraft:light_gray_concrete_powder":64,"farmersdelight:rice":8,"spartanweaponry:iron_warhammer":48,"minecraft:pumpkin_seeds":7,"biomesoplenty:jacaranda_planks":20,"minecraft:purple_concrete_powder":135,"minecraft:wooden_hoe":60,"minecraft:bread":31,"minecraft:iron_pickaxe":251,"travelersbackpack:white_sleeping_bag":5,"minecraft:lectern":1,"spartanshields:copper_tower_shield":82,"minecraft:gravel":5,"spartanweaponry:copper_battle_hammer":661,"minecraft:stone_axe":256,"minecraft:cobblestone":11,"travelersbackpack:standard":2,"minecraft:white_banner":1,"minecraft:cooked_rabbit":1,"minecraft:bucket":88,"minecraft:oak_boat":4,"alexsmobs:animal_dictionary":1,"minecraft:white_concrete":451},"minecraft:killed_by":{"minecraft:enderman":1,"alexsmobs:bison":1,"minecraft:vindicator":1,"minecraft:zombie":1},"minecraft:crafted":{"minecraft:light_gray_concrete_powder":64,"minecraft:oak_planks":216,"minecraft:stone_shovel":17,"minecraft:iron_nugget":9,"mcwlights:wall_lantern":1,"spartanshields:wooden_tower_shield":1,"minecraft:furnace":3,"minecraft:bone_meal":57,"spartanweaponry:copper_battle_hammer":1,"minecraft:glass":29,"alexsdelight:cooked_bison":4,"travelersbackpack:white_sleeping_bag":4,"minecraft:white_concrete_powder":480,"spartanshields:copper_tower_shield":1,"minecraft:stone_pickaxe":4,"farmersdelight:rice":6,"minecraft:chest":8,"biomesoplenty:jacaranda_door":3,"minecraft:stone_hoe":1,"minecraft:oak_fence":12,"biomesoplenty:jacaranda_stairs":12,"minecraft:wheat":243,"minecraft:cooked_beef":13,"biomesoplenty:jacaranda_planks":164,"spartanweaponry:pole":1,"minecraft:crafting_table":5,"travelersbackpack:standard":2,"travelersbackpack:backpack_tank":4,"minecraft:wooden_pickaxe":1,"spartanweaponry:handle":2,"minecraft:copper_ingot":50,"spartanweaponry:copper_lance":1,"minecraft:stone_axe":3,"minecraft:bread":81,"minecraft:air":0,"minecraft:oak_fence_gate":2,"farmersdelight:cutting_board":1,"minecraft:oak_boat":3,"minecraft:wooden_hoe":1,"minecraft:purple_dye":92,"minecraft:white_dye":60,"minecraft:stick":76,"minecraft:iron_ingot":20,"minecraft:iron_pickaxe":1,"aquaculture:stone_fillet_knife":1,"minecraft:iron_shovel":1,"minecraft:light_gray_dye":11,"minecraft:torch":96,"minecraft:purple_concrete_powder":280,"minecraft:shears":1},"minecraft:picked_up":{"minecraft:iron_chestplate":1,"minecraft:coarse_dirt":2,"minecraft:crafting_table":5,"minecraft:wheat":3,"minecraft:azure_bluet":4,"minecraft:chicken":2,"minecraft:flower_pot":2,"minecraft:golden_pickaxe":1,"farmersdelight:rice_panicle":6,"minecraft:cooked_rabbit":1,"biomesoplenty:jacaranda_sapling":2,"minecraft:golden_shovel":1,"farmersdelight:cutting_board":1,"minecraft:cornflower":5,"hmag:ravager_meat":5,"minecraft:string":10,"minecraft:raw_copper":50,"minecraft:iron_leggings":1,"minecraft:flint_and_steel":1,"minecraft:item_frame":29,"biomesoplenty:tall_lavender":3,"minecraft:candle":15,"minecraft:bucket":1,"minecraft:beef":13,"minecraft:oak_boat":1,"minecraft:iron_nugget":1,"minecraft:poppy":6,"dynamictrees:oak_seed":4,"minecraft:lectern":1,"biomesoplenty:redwood_wood":4,"hmag:golden_tropical_fish":1,"farmersdelight:cabbage_seeds":2,"minecraft:iron_boots":1,"minecraft:furnace":4,"minecraft:stick":35,"minecraft:raw_iron":27,"minecraft:oak_fence":8,"minecraft:torch":17,"minecraft:golden_axe":1,"minecraft:cookie":3,"minecraft:carrot":2,"minecraft:rotten_flesh":25,"minecraft:arrow":12,"biomesoplenty:jacaranda_log":41,"biomesoplenty:jacaranda_stairs":5,"farmersdelight:onion":4,"minecraft:hay_block":38,"alexsdelight:raw_bison":4,"minecraft:saddle":1,"minecraft:obsidian":2,"minecraft:oxeye_daisy":7,"minecraft:white_wool":3,"minecraft:snowball":8,"minecraft:cobblestone":83,"biomesoplenty:lavender":86,"minecraft:nautilus_shell":1,"spartanweaponry:iron_warhammer":1,"minecraft:feather":2,"minecraft:cooked_beef":1,"farmersdelight:rice":8,"minecraft:water_bucket":1,"hmag:reinforcing_chain":1,"minecraft:leather":14,"biomesoplenty:jacaranda_door":3,"alexsmobs:bison_fur":2,"minecraft:flint":68,"minecraft:oak_log":54,"biomesoplenty:jacaranda_planks":10,"minecraft:gunpowder":7,"minecraft:paper":6,"minecraft:dirt":1113,"minecraft:lantern":5,"minecraft:white_banner":2,"minecraft:glass":1,"minecraft:bone":19,"minecraft:bow":2,"minecraft:wheat_seeds":97,"minecraft:raw_gold":1,"farmersdelight:pumpkin_slice":44,"minecraft:iron_ingot":2,"aquaculture:minnow":2,"minecraft:oak_planks":89,"minecraft:pumpkin":14,"minecraft:sweet_berries":25,"hmag:soul_powder":10,"minecraft:dandelion":14,"minecraft:gravel":680,"minecraft:sand":581,"minecraft:white_bed":1,"minecraft:spider_eye":4,"travelersbackpack:white_sleeping_bag":4,"minecraft:light_gray_concrete":64,"minecraft:pumpkin_seeds":8,"minecraft:white_concrete_powder":8,"minecraft:bone_meal":3,"minecraft:white_concrete":505,"minecraft:bread":18,"alexsmobs:maggot":3,"minecraft:coal":79,"minecraft:purple_concrete_powder":3}},"DataVersion":3465}