{"stats":{"minecraft:mined":{"biomesoplenty:jacaranda_leaves":2,"minecraft:crafting_table":3,"minecraft:grass_block":1,"minecraft:copper_ore":15,"minecraft:tall_grass":5,"minecraft:cobblestone":1,"biomesoplenty:sprout":1,"minecraft:seagrass":1,"biomesoplenty:jacaranda_log":11,"minecraft:furnace":3,"minecraft:iron_ore":4,"minecraft:pumpkin":14,"minecraft:grass":24,"minecraft:coal_ore":53,"minecraft:sand":50,"minecraft:dirt":1,"minecraft:stone":37},"minecraft:killed_by":{"minecraft:enderman":1},"minecraft:killed":{"hmag:ghost":1,"minecraft:spider":4,"minecraft:creeper":1,"minecraft:skeleton":4,"minecraft:horse":1,"aquaculture:minnow":1,"minecraft:goat":2,"minecraft:zombie":11,"minecraft:llama":2,"minecraft:cow":4},"minecraft:crafted":{"minecraft:cooked_beef":7,"minecraft:oak_planks":36,"minecraft:stone_shovel":1,"biomesoplenty:jacaranda_planks":44,"minecraft:crafting_table":2,"minecraft:wooden_pickaxe":1,"minecraft:furnace":3,"minecraft:stone_axe":1,"minecraft:air":0,"minecraft:oak_boat":1,"farmersdelight:cutting_board":1,"minecraft:glass":14,"travelersbackpack:white_sleeping_bag":1,"minecraft:stick":16,"minecraft:iron_ingot":4,"minecraft:stone_pickaxe":1,"aquaculture:stone_fillet_knife":1,"minecraft:torch":32,"minecraft:shears":1},"minecraft:used":{"minecraft:stone_shovel":50,"minecraft:stone_pickaxe":103,"minecraft:wooden_pickaxe":12,"dynamictrees:oak_seed":1,"farmersdelight:pumpkin_slice":13,"minecraft:rotten_flesh":6,"minecraft:torch":29,"minecraft:sand":5,"minecraft:crafting_table":4,"spartanweaponry:iron_warhammer":48,"minecraft:stone_axe":86,"farmersdelight:cutting_board":1,"minecraft:furnace":4,"minecraft:oak_boat":1,"alexsmobs:animal_dictionary":1,"minecraft:cooked_beef":5,"minecraft:pumpkin":1},"minecraft:custom":{"minecraft:interact_with_furnace":28,"minecraft:mob_kills":31,"minecraft:interact_with_crafting_table":20,"minecraft:time_since_death":19614,"minecraft:time_since_rest":19640,"minecraft:waystone_activated":1,"minecraft:sprint_one_cm":157803,"minecraft:damage_taken":1088,"minecraft:walk_one_cm":249834,"minecraft:drop":5,"minecraft:damage_dealt":5707,"minecraft:swim_one_cm":11061,"minecraft:fly_one_cm":109727,"minecraft:open_chest":4,"minecraft:play_time":50594,"minecraft:deaths":1,"minecraft:sneak_time":83,"minecraft:walk_under_water_one_cm":12695,"minecraft:boat_one_cm":29474,"minecraft:jump":794,"minecraft:walk_on_water_one_cm":8613,"minecraft:total_world_time":50594,"minecraft:fall_one_cm":14775,"minecraft:horse_one_cm":14083},"minecraft:dropped":{"minecraft:cooked_beef":3,"aquaculture:minnow":1,"spartanweaponry:iron_warhammer":1},"minecraft:picked_up":{"minecraft:crafting_table":3,"spartanweaponry:iron_warhammer":1,"minecraft:cooked_beef":1,"minecraft:leather":10,"minecraft:oak_log":9,"minecraft:gunpowder":2,"farmersdelight:cutting_board":1,"minecraft:string":5,"minecraft:dirt":20,"minecraft:raw_copper":50,"minecraft:glass":1,"minecraft:bone":6,"minecraft:bow":1,"minecraft:wheat_seeds":1,"farmersdelight:pumpkin_slice":44,"minecraft:beef":7,"aquaculture:minnow":2,"dynamictrees:oak_seed":1,"minecraft:furnace":3,"minecraft:stick":3,"minecraft:raw_iron":4,"minecraft:pumpkin":14,"hmag:soul_powder":4,"minecraft:sand":43,"minecraft:spider_eye":1,"minecraft:arrow":3,"minecraft:rotten_flesh":8,"biomesoplenty:jacaranda_log":11,"minecraft:coal":53,"minecraft:white_wool":3,"minecraft:cobblestone":38}},"DataVersion":3465}