{"stats":{"minecraft:mined":{"minecraft:grass_block":980,"minecraft:white_concrete":75,"travelersbackpack:white_sleeping_bag":4,"minecraft:white_concrete_powder":2,"minecraft:hay_block":38,"dynamictrees:oak_leaves":5,"biomesoplenty:jacaranda_log":11,"minecraft:furnace":4,"minecraft:iron_ore":7,"minecraft:snow":8,"minecraft:pumpkin":14,"biomesoplenty:high_grass":58,"minecraft:dirt_path":17,"biomesoplenty:jacaranda_door":1,"minecraft:stone":79,"biomesoplenty:jacaranda_leaves":2,"biomesoplenty:jacaranda_planks":10,"minecraft:dandelion":4,"minecraft:oak_fence":2,"minecraft:crafting_table":5,"minecraft:cornflower":1,"minecraft:torch":3,"biomesoplenty:high_grass_plant":74,"minecraft:tall_grass":32,"minecraft:copper_ore":15,"minecraft:cobblestone":1,"biomesoplenty:sprout":16,"minecraft:oak_planks":40,"minecraft:wall_torch":2,"minecraft:seagrass":1,"biomesoplenty:pink_daffodil":1,"biomesoplenty:clover":5,"minecraft:grass":418,"minecraft:coal_ore":54,"minecraft:gravel":743,"minecraft:sand":218,"minecraft:dirt":81},"minecraft:custom":{"minecraft:mob_kills":67,"minecraft:interact_with_crafting_table":74,"minecraft:leave_game":5,"minecraft:time_since_death":40185,"minecraft:sprint_one_cm":701873,"minecraft:walk_one_cm":1151554,"minecraft:damage_blocked_by_shield":2910,"minecraft:drop":25,"minecraft:talked_to_villager":1,"minecraft:raid_win":1,"minecraft:play_time":247648,"minecraft:deaths":4,"minecraft:sneak_time":687,"minecraft:walk_under_water_one_cm":22722,"minecraft:boat_one_cm":108212,"minecraft:jump":3211,"minecraft:walk_on_water_one_cm":29884,"minecraft:total_world_time":247648,"spartanshields:shield_bash_hits":1,"minecraft:interact_with_furnace":46,"minecraft:raid_trigger":1,"minecraft:sleep_in_bed":12,"minecraft:time_since_rest":342,"minecraft:waystone_activated":3,"minecraft:damage_taken":3123,"minecraft:damage_dealt":11704,"minecraft:swim_one_cm":54055,"minecraft:fly_one_cm":574651,"minecraft:open_chest":52,"minecraft:crouch_one_cm":1073,"minecraft:fall_one_cm":65082,"minecraft:horse_one_cm":187664},"minecraft:killed":{"minecraft:vindicator":1,"minecraft:spider":7,"minecraft:skeleton":7,"minecraft:horse":1,"minecraft:chicken":2,"minecraft:llama":2,"alexsmobs:bison":1,"minecraft:drowned":1,"hmag:harpy":1,"hmag:ghost":2,"minecraft:ravager":1,"minecraft:creeper":2,"minecraft:pillager":10,"aquaculture:minnow":1,"minecraft:goat":2,"minecraft:zombie":16,"alexsmobs:fly":3,"minecraft:cow":6},"minecraft:broken":{"minecraft:iron_shovel":1,"minecraft:stone_pickaxe":1,"minecraft:stone_axe":1,"minecraft:stone_shovel":14},"minecraft:dropped":{"minecraft:bread":12,"minecraft:cooked_beef":3,"aquaculture:minnow":1,"minecraft:dirt":64,"minecraft:cornflower":1,"minecraft:stone_axe":1,"hmag:soul_powder":2,"minecraft:white_bed":1,"minecraft:poppy":2,"spartanweaponry:iron_warhammer":1,"minecraft:arrow":3},"minecraft:used":{"minecraft:oak_fence":10,"minecraft:iron_shovel":280,"minecraft:stone_shovel":1917,"minecraft:poppy":2,"minecraft:white_concrete_powder":77,"minecraft:chest":4,"dynamictrees:oak_seed":1,"minecraft:rotten_flesh":6,"minecraft:torch":110,"minecraft:dirt":859,"minecraft:oak_fence_gate":2,"farmersdelight:cutting_board":1,"minecraft:furnace":7,"minecraft:cooked_beef":11,"minecraft:pumpkin":1,"alexsdelight:cooked_bison":3,"minecraft:water_bucket":6,"biomesoplenty:jacaranda_door":3,"minecraft:stone_pickaxe":124,"minecraft:oak_planks":71,"minecraft:wooden_pickaxe":12,"farmersdelight:pumpkin_slice":44,"minecraft:sand":5,"minecraft:crafting_table":10,"spartanweaponry:iron_warhammer":48,"biomesoplenty:jacaranda_planks":20,"minecraft:bread":8,"minecraft:iron_pickaxe":109,"travelersbackpack:white_sleeping_bag":5,"spartanshields:copper_tower_shield":71,"spartanweaponry:copper_battle_hammer":407,"minecraft:stone_axe":162,"minecraft:cobblestone":6,"minecraft:bucket":7,"minecraft:oak_boat":4,"alexsmobs:animal_dictionary":1,"minecraft:white_concrete":48},"minecraft:killed_by":{"minecraft:enderman":1,"alexsmobs:bison":1,"minecraft:vindicator":1,"minecraft:zombie":1},"minecraft:crafted":{"minecraft:oak_planks":216,"minecraft:stone_shovel":14,"spartanshields:wooden_tower_shield":1,"minecraft:furnace":3,"minecraft:bone_meal":12,"spartanweaponry:copper_battle_hammer":1,"minecraft:glass":14,"alexsdelight:cooked_bison":4,"travelersbackpack:white_sleeping_bag":1,"minecraft:white_concrete_powder":96,"spartanshields:copper_tower_shield":1,"minecraft:stone_pickaxe":1,"minecraft:chest":4,"biomesoplenty:jacaranda_door":3,"minecraft:oak_fence":12,"minecraft:wheat":243,"minecraft:cooked_beef":13,"biomesoplenty:jacaranda_planks":44,"spartanweaponry:pole":1,"minecraft:crafting_table":5,"minecraft:wooden_pickaxe":1,"spartanweaponry:handle":2,"minecraft:copper_ingot":50,"spartanweaponry:copper_lance":1,"minecraft:stone_axe":3,"minecraft:bread":81,"minecraft:air":0,"minecraft:oak_fence_gate":2,"farmersdelight:cutting_board":1,"minecraft:oak_boat":3,"minecraft:wooden_hoe":1,"minecraft:white_dye":12,"minecraft:stick":72,"minecraft:iron_ingot":7,"minecraft:iron_pickaxe":1,"aquaculture:stone_fillet_knife":1,"minecraft:iron_shovel":1,"minecraft:torch":96,"minecraft:shears":1},"minecraft:picked_up":{"minecraft:crafting_table":5,"minecraft:wheat":1,"minecraft:chicken":2,"farmersdelight:cutting_board":1,"minecraft:cornflower":5,"hmag:ravager_meat":5,"minecraft:string":6,"minecraft:raw_copper":50,"minecraft:bucket":1,"minecraft:beef":13,"minecraft:oak_boat":1,"minecraft:iron_nugget":1,"minecraft:poppy":6,"dynamictrees:oak_seed":4,"minecraft:furnace":4,"minecraft:stick":25,"minecraft:raw_iron":7,"minecraft:oak_fence":2,"minecraft:torch":17,"minecraft:cookie":3,"minecraft:rotten_flesh":15,"minecraft:arrow":6,"biomesoplenty:jacaranda_log":11,"minecraft:hay_block":38,"alexsdelight:raw_bison":4,"minecraft:saddle":1,"minecraft:white_wool":3,"minecraft:snowball":8,"minecraft:cobblestone":78,"minecraft:nautilus_shell":1,"spartanweaponry:iron_warhammer":1,"minecraft:feather":2,"minecraft:cooked_beef":1,"minecraft:leather":14,"biomesoplenty:jacaranda_door":1,"alexsmobs:bison_fur":2,"minecraft:flint":68,"minecraft:oak_log":54,"biomesoplenty:jacaranda_planks":10,"minecraft:gunpowder":5,"minecraft:dirt":1075,"minecraft:white_banner":2,"minecraft:glass":1,"minecraft:bone":10,"minecraft:bow":1,"minecraft:wheat_seeds":66,"farmersdelight:pumpkin_slice":44,"aquaculture:minnow":2,"minecraft:oak_planks":57,"minecraft:pumpkin":14,"hmag:soul_powder":6,"minecraft:dandelion":14,"minecraft:gravel":675,"minecraft:sand":211,"minecraft:white_bed":1,"minecraft:spider_eye":4,"travelersbackpack:white_sleeping_bag":4,"minecraft:white_concrete_powder":2,"minecraft:white_concrete":75,"alexsmobs:maggot":3,"minecraft:coal":54}},"DataVersion":3465}