{"stats":{"minecraft:crafted":{"minecraft:oak_planks":16,"minecraft:wooden_pickaxe":1,"minecraft:cooked_salmon":2,"minecraft:bone_meal":6,"minecraft:air":0,"minecraft:stick":4,"minecraft:stone_hoe":1},"minecraft:picked_up":{"minecraft:wooden_axe":1,"minecraft:birch_log":2,"minecraft:cocoa_beans":18,"minecraft:salmon":2,"minecraft:leather":3,"minecraft:oak_log":18,"minecraft:shield":1,"minecraft:dirt":12,"minecraft:cooked_salmon":2,"minecraft:wooden_sword":1,"minecraft:bone":2,"minecraft:apple":1,"minecraft:wheat_seeds":17,"minecraft:beef":6,"minecraft:stone_pickaxe":1,"minecraft:sugar_cane":16,"minecraft:torch":24,"minecraft:acacia_log":1,"minecraft:sand":1,"minecraft:carrot":1,"alexsmobs:animal_dictionary":1,"minecraft:stone_sword":1,"minecraft:rotten_flesh":4,"minecraft:arrow":2,"minecraft:oak_sapling":1,"minecraft:coal":15,"minecraft:cobblestone":4},"minecraft:custom":{"minecraft:interact_with_furnace":5,"minecraft:mob_kills":8,"minecraft:interact_with_crafting_table":4,"minecraft:leave_game":5,"minecraft:time_since_death":115150,"minecraft:climb_one_cm":406,"minecraft:time_since_rest":115150,"minecraft:sprint_one_cm":25591,"minecraft:damage_taken":245,"minecraft:walk_one_cm":374035,"minecraft:drop":11,"minecraft:damage_dealt":1476,"minecraft:swim_one_cm":7139,"minecraft:fly_one_cm":20711,"minecraft:player_kills":2,"minecraft:open_chest":2,"minecraft:crouch_one_cm":15,"minecraft:play_time":115150,"minecraft:sneak_time":200,"minecraft:walk_under_water_one_cm":8247,"minecraft:jump":677,"minecraft:walk_on_water_one_cm":5465,"minecraft:total_world_time":115150,"minecraft:fall_one_cm":8036},"minecraft:used":{"minecraft:wheat_seeds":17,"minecraft:acacia_log":1,"minecraft:wooden_pickaxe":11,"minecraft:sugar_cane":12,"minecraft:cooked_salmon":3,"minecraft:stone_hoe":27,"minecraft:dirt":5,"minecraft:oak_log":1,"minecraft:wooden_axe":38,"minecraft:apple":1,"minecraft:wooden_sword":15,"minecraft:cobblestone":1,"alexsmobs:animal_dictionary":4,"minecraft:bone_meal":1},"minecraft:dropped":{"minecraft:stone_hoe":1,"minecraft:stone_sword":1,"alexsmobs:animal_dictionary":1,"minecraft:leather":3,"minecraft:carrot":1,"minecraft:coal":15,"minecraft:shield":1,"minecraft:torch":24,"minecraft:arrow":2,"minecraft:beef":6,"minecraft:stone_pickaxe":1},"minecraft:killed":{"minecraft:salmon":3,"minecraft:spider":1,"minecraft:skeleton":1,"minecraft:zombie":3},"minecraft:mined":{"minecraft:oak_sapling":1,"minecraft:acacia_log":1,"minecraft:grass_block":6,"minecraft:tall_grass":3,"minecraft:sugar_cane":8,"minecraft:birch_log":1,"minecraft:grass":129,"minecraft:oak_log":18,"minecraft:cocoa":6,"minecraft:sand":1,"minecraft:dirt":7,"minecraft:stone":3,"minecraft:oak_leaves":14}},"DataVersion":3465}