{"stats":{"minecraft:mined":{"minecraft:large_fern":3,"minecraft:spruce_planks":21,"farmersdelight:cutting_board":1,"minecraft:pumpkin":40,"dynamictrees:spruce_leaves":1,"minecraft:torch":1,"minecraft:grass_block":1,"minecraft:packed_ice":7,"minecraft:copper_ore":6,"minecraft:stone":12,"minecraft:fern":1},"minecraft:crafted":{"farmersdelight:cutting_board":1,"spartanweaponry:copper_katana":2,"minecraft:charcoal":9,"minecraft:spruce_planks":68,"aquaculture:stone_fillet_knife":1,"spartanweaponry:handle":2,"spartanshields:wooden_basic_shield":1,"minecraft:furnace":1,"minecraft:copper_ingot":21,"minecraft:torch":180,"minecraft:pumpkin_seeds":8,"minecraft:stone_axe":1,"spartanshields:copper_basic_shield":1,"minecraft:air":0},"minecraft:killed":{"minecraft:skeleton":1,"minecraft:zombie":2,"alexsmobs:snow_leopard":1,"hmag:dodomeki":1},"minecraft:used":{"dynamictrees:spruce_seed":1,"minecraft:stone_pickaxe":25,"minecraft:spruce_planks":22,"farmersdelight:pumpkin_slice":14,"minecraft:stone_axe":92,"minecraft:torch":3,"farmersdelight:cutting_board":2,"minecraft:furnace":1},"minecraft:custom":{"minecraft:time_since_rest":29609,"spartanshields:shield_bash_hits":1,"minecraft:interact_with_furnace":18,"minecraft:sprint_one_cm":51671,"minecraft:walk_one_cm":157550,"minecraft:damage_taken":320,"minecraft:mob_kills":5,"minecraft:drop":23,"minecraft:damage_dealt":1512,"minecraft:interact_with_crafting_table":17,"minecraft:fly_one_cm":18320,"minecraft:open_chest":1,"minecraft:crouch_one_cm":13,"minecraft:play_time":29609,"minecraft:sneak_time":9,"minecraft:walk_under_water_one_cm":368,"minecraft:jump":209,"minecraft:walk_on_water_one_cm":188,"minecraft:time_since_death":29609,"minecraft:total_world_time":29609,"minecraft:fall_one_cm":2568},"minecraft:dropped":{"minecraft:stone_axe":1,"aquaculture:stone_fillet_knife":1,"minecraft:torch":116,"farmersdelight:pumpkin_slice":57,"spartanweaponry:copper_katana":1,"minecraft:cobblestone":11,"minecraft:spruce_log":6,"minecraft:stick":9},"minecraft:picked_up":{"minecraft:stick":68,"minecraft:pumpkin":41,"minecraft:leather":4,"minecraft:torch":53,"dynamictrees:spruce_seed":5,"aquaculture:stone_fillet_knife":1,"minecraft:grass_block":1,"minecraft:spruce_log":31,"minecraft:string":2,"farmersdelight:cutting_board":1,"minecraft:dirt":1,"minecraft:raw_copper":21,"minecraft:bone":1,"minecraft:arrow":1,"minecraft:rotten_flesh":2,"minecraft:stone_axe":1,"minecraft:wheat_seeds":2,"farmersdelight:pumpkin_slice":156,"minecraft:spruce_planks":21,"minecraft:stone_pickaxe":1,"minecraft:coal":45,"minecraft:snowball":43,"minecraft:cobblestone":26}},"DataVersion":3465}