{"stats":{"minecraft:mined":{"biomesoplenty:jacaranda_leaves":2,"minecraft:dandelion":1,"minecraft:cornflower":1,"minecraft:crafting_table":3,"minecraft:grass_block":217,"minecraft:copper_ore":15,"minecraft:tall_grass":5,"minecraft:cobblestone":1,"biomesoplenty:sprout":1,"minecraft:seagrass":1,"biomesoplenty:jacaranda_log":11,"minecraft:furnace":4,"minecraft:iron_ore":4,"minecraft:snow":8,"minecraft:pumpkin":14,"minecraft:grass":54,"minecraft:coal_ore":53,"minecraft:sand":50,"minecraft:dirt":9,"minecraft:stone":37},"minecraft:killed_by":{"minecraft:enderman":1},"minecraft:killed":{"hmag:ghost":1,"minecraft:spider":6,"minecraft:creeper":1,"minecraft:skeleton":4,"minecraft:horse":1,"aquaculture:minnow":1,"minecraft:goat":2,"minecraft:zombie":12,"minecraft:llama":2,"minecraft:cow":4},"minecraft:crafted":{"minecraft:cooked_beef":7,"minecraft:oak_planks":60,"minecraft:stone_shovel":2,"biomesoplenty:jacaranda_planks":44,"minecraft:crafting_table":2,"minecraft:wooden_pickaxe":1,"minecraft:furnace":3,"minecraft:stone_axe":1,"minecraft:air":0,"minecraft:oak_boat":1,"farmersdelight:cutting_board":1,"minecraft:glass":14,"travelersbackpack:white_sleeping_bag":1,"minecraft:stick":36,"minecraft:iron_ingot":4,"minecraft:stone_pickaxe":1,"aquaculture:stone_fillet_knife":1,"minecraft:chest":2,"minecraft:iron_shovel":1,"minecraft:torch":96,"minecraft:shears":1},"minecraft:used":{"minecraft:iron_shovel":17,"minecraft:stone_shovel":277,"minecraft:stone_pickaxe":111,"minecraft:chest":2,"minecraft:wooden_pickaxe":12,"dynamictrees:oak_seed":1,"farmersdelight:pumpkin_slice":15,"minecraft:rotten_flesh":6,"minecraft:torch":63,"minecraft:dirt":95,"minecraft:sand":5,"minecraft:crafting_table":5,"spartanweaponry:iron_warhammer":48,"biomesoplenty:jacaranda_planks":10,"minecraft:stone_axe":92,"farmersdelight:cutting_board":1,"minecraft:furnace":7,"minecraft:oak_boat":1,"alexsmobs:animal_dictionary":1,"minecraft:cooked_beef":5,"minecraft:pumpkin":1},"minecraft:custom":{"minecraft:interact_with_furnace":32,"minecraft:mob_kills":34,"minecraft:interact_with_crafting_table":31,"minecraft:time_since_death":31614,"minecraft:time_since_rest":31640,"minecraft:waystone_activated":1,"minecraft:sprint_one_cm":188439,"minecraft:damage_taken":1268,"minecraft:walk_one_cm":320632,"minecraft:drop":7,"minecraft:damage_dealt":6241,"minecraft:swim_one_cm":11061,"minecraft:fly_one_cm":141243,"minecraft:open_chest":13,"minecraft:crouch_one_cm":1016,"minecraft:play_time":62594,"minecraft:deaths":1,"minecraft:sneak_time":600,"minecraft:walk_under_water_one_cm":12695,"minecraft:boat_one_cm":29474,"minecraft:jump":943,"minecraft:walk_on_water_one_cm":8613,"minecraft:total_world_time":62594,"minecraft:fall_one_cm":17099,"minecraft:horse_one_cm":14083},"minecraft:dropped":{"minecraft:cooked_beef":3,"aquaculture:minnow":1,"minecraft:dirt":64,"spartanweaponry:iron_warhammer":1,"minecraft:arrow":3},"minecraft:picked_up":{"minecraft:crafting_table":3,"spartanweaponry:iron_warhammer":1,"minecraft:cooked_beef":1,"minecraft:leather":10,"minecraft:oak_log":43,"minecraft:gunpowder":2,"minecraft:cornflower":4,"farmersdelight:cutting_board":1,"minecraft:string":6,"minecraft:dirt":235,"minecraft:raw_copper":50,"minecraft:glass":1,"minecraft:bone":6,"minecraft:bow":1,"minecraft:wheat_seeds":4,"farmersdelight:pumpkin_slice":44,"minecraft:beef":7,"aquaculture:minnow":2,"dynamictrees:oak_seed":1,"minecraft:furnace":4,"minecraft:stick":3,"minecraft:raw_iron":4,"minecraft:pumpkin":14,"hmag:soul_powder":4,"minecraft:dandelion":2,"minecraft:sand":43,"minecraft:spider_eye":3,"minecraft:arrow":6,"minecraft:rotten_flesh":8,"biomesoplenty:jacaranda_log":11,"minecraft:coal":53,"minecraft:snowball":8,"minecraft:white_wool":3,"minecraft:cobblestone":38},"minecraft:broken":{"minecraft:stone_axe":1,"minecraft:stone_shovel":2}},"DataVersion":3465}