{"stats":{"minecraft:mined":{"minecraft:oak_sapling":1,"minecraft:torch":1,"minecraft:clay":1,"minecraft:crafting_table":2,"minecraft:granite":11,"minecraft:acacia_log":1,"minecraft:grass_block":12,"minecraft:tall_grass":3,"minecraft:cobblestone":1,"minecraft:deepslate_coal_ore":7,"minecraft:sugar_cane":16,"minecraft:diorite":4,"minecraft:wall_torch":1,"minecraft:furnace":3,"minecraft:birch_log":1,"minecraft:iron_ore":12,"minecraft:grass":149,"minecraft:deepslate_iron_ore":3,"minecraft:coal_ore":39,"minecraft:oak_log":18,"minecraft:cocoa":6,"minecraft:sand":48,"minecraft:dirt":35,"minecraft:stone":98,"minecraft:oak_leaves":24},"minecraft:picked_up":{"minecraft:wooden_axe":1,"minecraft:birch_log":2,"minecraft:cocoa_beans":18,"minecraft:crafting_table":2,"minecraft:feather":2,"minecraft:chicken":1,"minecraft:clay_ball":4,"minecraft:salmon":2,"minecraft:leather":3,"minecraft:oak_log":18,"minecraft:shield":1,"aquaculture:rainbow_trout":1,"minecraft:string":2,"minecraft:dirt":45,"minecraft:moss_carpet":3,"minecraft:cooked_salmon":2,"minecraft:wooden_sword":1,"minecraft:bone":7,"minecraft:apple":1,"minecraft:wheat_seeds":19,"aquaculture:bluegill":2,"minecraft:beef":6,"minecraft:stone_pickaxe":2,"aquaculture:minnow":1,"minecraft:sugar_cane":30,"minecraft:furnace":3,"minecraft:raw_iron":15,"aquaculture:smallmouth_bass":2,"aquaculture:gar":1,"minecraft:torch":27,"minecraft:acacia_log":1,"aquaculture:perch":1,"minecraft:sand":48,"minecraft:diorite":4,"minecraft:carrot":1,"alexsmobs:animal_dictionary":1,"alexsmobs:kangaroo_hide":1,"minecraft:stone_sword":1,"minecraft:arrow":7,"minecraft:rotten_flesh":5,"minecraft:slime_ball":3,"minecraft:shears":1,"aquaculture:brown_trout":1,"aquaculture:carp":1,"minecraft:oak_sapling":3,"minecraft:mutton":1,"minecraft:coal":74,"alexsmobs:kangaroo_meat":2,"minecraft:white_wool":2,"minecraft:cobblestone":95},"minecraft:dropped":{"minecraft:stone_hoe":1,"minecraft:moss_carpet":3,"minecraft:wheat_seeds":2,"minecraft:stone_sword":1,"alexsmobs:animal_dictionary":1,"minecraft:leather":3,"minecraft:carrot":1,"minecraft:coal":15,"minecraft:shield":1,"minecraft:diorite":4,"minecraft:torch":25,"minecraft:arrow":2,"minecraft:stone_pickaxe":2,"minecraft:beef":6,"minecraft:string":1},"minecraft:killed_by":{"minecraft:zombie":1},"minecraft:crafted":{"minecraft:oak_planks":68,"minecraft:stone_shovel":1,"spartanweaponry:pole":1,"minecraft:crafting_table":3,"minecraft:wooden_pickaxe":1,"minecraft:cooked_chicken":1,"alexsmobs:cooked_kangaroo_meat":2,"minecraft:furnace":2,"minecraft:cooked_salmon":2,"minecraft:bone_meal":6,"minecraft:bucket":5,"minecraft:air":0,"aquaculture:fish_fillet_raw":17,"minecraft:glass":48,"minecraft:stick":32,"spartanweaponry:stone_halberd":1,"minecraft:iron_ingot":15,"minecraft:stone_pickaxe":2,"aquaculture:stone_fillet_knife":1,"aquaculture:fish_fillet_cooked":21,"minecraft:torch":64,"minecraft:stone_hoe":1,"minecraft:oak_fence":3},"minecraft:killed":{"aquaculture:bluegill":2,"minecraft:salmon":3,"minecraft:spider":1,"aquaculture:gar":1,"aquaculture:smallmouth_bass":2,"minecraft:slime":4,"minecraft:skeleton":5,"aquaculture:minnow":1,"minecraft:zombie":5,"minecraft:chicken":1,"aquaculture:brown_trout":1,"aquaculture:perch":1,"alexsmobs:crow":1,"alexsmobs:kangaroo":1,"aquaculture:carp":1,"aquaculture:rainbow_trout":1},"minecraft:used":{"minecraft:wheat_seeds":17,"minecraft:water_bucket":6,"minecraft:acacia_log":1,"minecraft:stone_shovel":51,"minecraft:stone_pickaxe":134,"minecraft:oak_planks":1,"minecraft:wooden_pickaxe":63,"minecraft:cooked_salmon":4,"minecraft:sugar_cane":12,"spartanweaponry:stone_halberd":12,"minecraft:stone_hoe":27,"minecraft:torch":28,"minecraft:dirt":15,"minecraft:crafting_table":5,"alexsmobs:cooked_kangaroo_meat":1,"minecraft:oak_log":1,"minecraft:wooden_axe":42,"minecraft:apple":1,"minecraft:wooden_sword":50,"minecraft:cobblestone":65,"minecraft:furnace":4,"aquaculture:stone_fillet_knife":4,"minecraft:bucket":11,"alexsmobs:animal_dictionary":6,"aquaculture:fish_fillet_cooked":16,"minecraft:bone_meal":1,"minecraft:oak_fence":1},"minecraft:broken":{"minecraft:stone_pickaxe":1,"minecraft:wooden_sword":1,"minecraft:wooden_axe":1,"minecraft:wooden_pickaxe":1},"minecraft:custom":{"minecraft:interact_with_furnace":43,"minecraft:mob_kills":32,"minecraft:interact_with_crafting_table":26,"minecraft:leave_game":7,"minecraft:time_since_death":84033,"minecraft:climb_one_cm":1416,"minecraft:time_since_rest":84121,"minecraft:sprint_one_cm":130007,"minecraft:damage_taken":993,"minecraft:walk_one_cm":814380,"minecraft:drop":18,"minecraft:damage_dealt":3336,"minecraft:swim_one_cm":26194,"minecraft:player_kills":2,"minecraft:fly_one_cm":106139,"minecraft:play_time":206482,"minecraft:crouch_one_cm":2618,"minecraft:open_chest":7,"minecraft:sneak_time":1237,"minecraft:deaths":1,"minecraft:walk_under_water_one_cm":37167,"minecraft:jump":1807,"minecraft:walk_on_water_one_cm":27315,"minecraft:total_world_time":206482,"minecraft:fall_one_cm":26431}},"DataVersion":3465}