{"stats":{"minecraft:crafted":{"minecraft:oak_planks":68,"spartanweaponry:pole":1,"minecraft:crafting_table":3,"minecraft:wooden_pickaxe":1,"alexsmobs:cooked_kangaroo_meat":2,"minecraft:furnace":2,"minecraft:cooked_salmon":2,"minecraft:bucket":2,"minecraft:bone_meal":6,"minecraft:air":0,"aquaculture:fish_fillet_raw":17,"minecraft:stick":28,"spartanweaponry:stone_halberd":1,"minecraft:iron_ingot":6,"minecraft:stone_pickaxe":1,"aquaculture:stone_fillet_knife":1,"aquaculture:fish_fillet_cooked":17,"minecraft:torch":64,"minecraft:stone_hoe":1,"minecraft:oak_fence":3},"minecraft:picked_up":{"minecraft:wooden_axe":1,"minecraft:birch_log":2,"minecraft:cocoa_beans":18,"minecraft:crafting_table":1,"minecraft:feather":2,"minecraft:chicken":1,"minecraft:clay_ball":4,"minecraft:salmon":2,"minecraft:leather":3,"minecraft:oak_log":18,"minecraft:shield":1,"minecraft:moss_carpet":3,"minecraft:string":2,"aquaculture:rainbow_trout":1,"minecraft:dirt":35,"minecraft:cooked_salmon":2,"minecraft:wooden_sword":1,"minecraft:bone":7,"minecraft:apple":1,"minecraft:wheat_seeds":18,"aquaculture:bluegill":2,"minecraft:beef":6,"minecraft:stone_pickaxe":1,"aquaculture:minnow":1,"minecraft:sugar_cane":30,"minecraft:furnace":2,"minecraft:raw_iron":15,"aquaculture:smallmouth_bass":2,"aquaculture:gar":1,"minecraft:torch":24,"minecraft:acacia_log":1,"aquaculture:perch":1,"minecraft:sand":1,"minecraft:diorite":4,"minecraft:carrot":1,"alexsmobs:animal_dictionary":1,"alexsmobs:kangaroo_hide":1,"minecraft:stone_sword":1,"minecraft:rotten_flesh":5,"minecraft:arrow":7,"minecraft:slime_ball":3,"minecraft:shears":1,"aquaculture:brown_trout":1,"aquaculture:carp":1,"minecraft:oak_sapling":2,"minecraft:mutton":1,"minecraft:coal":59,"alexsmobs:kangaroo_meat":2,"minecraft:white_wool":2,"minecraft:cobblestone":53},"minecraft:broken":{"minecraft:wooden_sword":1,"minecraft:wooden_axe":1,"minecraft:wooden_pickaxe":1},"minecraft:custom":{"minecraft:interact_with_furnace":33,"minecraft:mob_kills":32,"minecraft:interact_with_crafting_table":16,"minecraft:leave_game":5,"minecraft:time_since_death":52701,"minecraft:climb_one_cm":1416,"minecraft:time_since_rest":52789,"minecraft:sprint_one_cm":92942,"minecraft:damage_taken":953,"minecraft:walk_one_cm":747191,"minecraft:drop":12,"minecraft:damage_dealt":3336,"minecraft:swim_one_cm":24992,"minecraft:fly_one_cm":81559,"minecraft:player_kills":2,"minecraft:open_chest":5,"minecraft:crouch_one_cm":310,"minecraft:deaths":1,"minecraft:play_time":175150,"minecraft:sneak_time":557,"minecraft:walk_under_water_one_cm":35424,"minecraft:jump":1437,"minecraft:walk_on_water_one_cm":15469,"minecraft:total_world_time":175150,"minecraft:fall_one_cm":21136},"minecraft:used":{"minecraft:oak_fence":1,"minecraft:wheat_seeds":17,"minecraft:water_bucket":4,"minecraft:acacia_log":1,"minecraft:stone_pickaxe":76,"minecraft:oak_planks":1,"minecraft:wooden_pickaxe":63,"spartanweaponry:stone_halberd":12,"minecraft:sugar_cane":12,"minecraft:cooked_salmon":4,"minecraft:stone_hoe":27,"minecraft:torch":21,"minecraft:dirt":14,"minecraft:crafting_table":4,"alexsmobs:cooked_kangaroo_meat":1,"minecraft:oak_log":1,"minecraft:wooden_axe":42,"minecraft:apple":1,"minecraft:wooden_sword":50,"minecraft:cobblestone":1,"minecraft:furnace":4,"aquaculture:stone_fillet_knife":4,"minecraft:bucket":6,"alexsmobs:animal_dictionary":6,"aquaculture:fish_fillet_cooked":11,"minecraft:bone_meal":1},"minecraft:dropped":{"minecraft:stone_hoe":1,"minecraft:stone_sword":1,"alexsmobs:animal_dictionary":1,"minecraft:leather":3,"minecraft:carrot":1,"minecraft:coal":15,"minecraft:shield":1,"minecraft:torch":24,"minecraft:arrow":2,"minecraft:beef":6,"minecraft:stone_pickaxe":1,"minecraft:string":1},"minecraft:killed":{"aquaculture:bluegill":2,"minecraft:salmon":3,"minecraft:spider":1,"aquaculture:gar":1,"aquaculture:smallmouth_bass":2,"minecraft:slime":4,"minecraft:skeleton":5,"aquaculture:minnow":1,"minecraft:zombie":5,"minecraft:chicken":1,"alexsmobs:crow":1,"aquaculture:brown_trout":1,"aquaculture:perch":1,"alexsmobs:kangaroo":1,"aquaculture:rainbow_trout":1,"aquaculture:carp":1},"minecraft:killed_by":{"minecraft:zombie":1},"minecraft:mined":{"minecraft:oak_sapling":1,"minecraft:clay":1,"minecraft:crafting_table":1,"minecraft:acacia_log":1,"minecraft:grass_block":11,"minecraft:tall_grass":3,"minecraft:deepslate_coal_ore":5,"minecraft:sugar_cane":16,"minecraft:diorite":4,"minecraft:furnace":2,"minecraft:birch_log":1,"minecraft:iron_ore":12,"minecraft:deepslate_iron_ore":3,"minecraft:grass":149,"minecraft:coal_ore":39,"minecraft:oak_log":18,"minecraft:cocoa":6,"minecraft:sand":1,"minecraft:dirt":26,"minecraft:stone":57,"minecraft:oak_leaves":18}},"DataVersion":3465}